home_team,away_team,home_score,away_score,Round,Year,result,home_rank,home_points,away_rank,away_points,home_win_rate,home_avg_goals,home_avg_conceded,away_win_rate,away_avg_goals,away_avg_conceded
Argentina,France,3,3,Final,2022,1,1.0,1876.118331,3.0,1869.428449,0.5340909090909091,1.7272727272727273,1.1477272727272727,0.5342465753424658,1.8630136986301369,1.1643835616438356
Croatia,Morocco,2,1,Third-place match,2022,2,11.0,1714.865572,7.0,1755.100232,0.4333333333333333,1.4333333333333331,1.1,0.217391304347826,0.8695652173913043,1.173913043478261
France,Morocco,2,0,Semi-finals,2022,2,3.0,1869.428449,7.0,1755.100232,0.5342465753424658,1.8630136986301369,1.1643835616438356,0.217391304347826,0.8695652173913043,1.173913043478261
Argentina,Croatia,3,0,Semi-finals,2022,2,1.0,1876.118331,11.0,1714.865572,0.5340909090909091,1.7272727272727273,1.1477272727272727,0.4333333333333333,1.4333333333333331,1.1
Morocco,Portugal,1,0,Quarter-finals,2022,2,7.0,1755.100232,5.0,1766.177547,0.217391304347826,0.8695652173913043,1.173913043478261,0.4857142857142857,1.7428571428571429,1.1714285714285717
England,France,1,2,Quarter-finals,2022,0,4.0,1827.048678,3.0,1869.428449,0.4324324324324324,1.4054054054054057,0.918918918918919,0.5342465753424658,1.8630136986301369,1.1643835616438356
Croatia,Brazil,1,1,Quarter-finals,2022,1,11.0,1714.865572,6.0,1765.856297,0.4333333333333333,1.4333333333333331,1.1,0.6666666666666666,2.0789473684210527,0.9473684210526316
Netherlands,Argentina,2,2,Quarter-finals,2022,1,8.0,1751.097835,1.0,1876.118331,0.5454545454545454,1.7454545454545454,0.9454545454545454,0.5340909090909091,1.7272727272727273,1.1477272727272727
Morocco,Spain,0,0,Round of 16,2022,1,7.0,1755.100232,2.0,1873.013187,0.217391304347826,0.8695652173913043,1.173913043478261,0.4626865671641791,1.611940298507463,1.1194029850746268
Portugal,Switzerland,6,1,Round of 16,2022,2,5.0,1766.177547,19.0,1650.064179,0.4857142857142857,1.7428571428571429,1.1714285714285717,0.3414634146341463,1.3414634146341464,1.7804878048780488
Japan,Croatia,1,1,Round of 16,2022,1,18.0,1661.576187,11.0,1714.865572,0.28,1.0,1.32,0.4333333333333333,1.4333333333333331,1.1
Brazil,Korea Republic,4,1,Round of 16,2022,2,6.0,1765.856297,25.0,1591.630886,0.6666666666666666,2.0789473684210527,0.9473684210526316,0.1842105263157894,1.0263157894736843,2.0526315789473686
France,Poland,3,1,Round of 16,2022,2,3.0,1869.428449,36.0,1526.183359,0.5342465753424658,1.8630136986301369,1.1643835616438356,0.4473684210526316,1.2894736842105263,1.3157894736842106
England,Senegal,3,0,Round of 16,2022,2,4.0,1827.048678,15.0,1686.412769,0.4324324324324324,1.4054054054054057,0.918918918918919,0.4166666666666667,1.3333333333333333,1.4166666666666667
Argentina,Australia,2,1,Round of 16,2022,2,1.0,1876.118331,27.0,1579.34264,0.5340909090909091,1.7272727272727273,1.1477272727272727,0.2,0.85,1.85
Korea Republic,Portugal,2,1,Group stage,2022,2,25.0,1591.630886,5.0,1766.177547,0.1842105263157894,1.0263157894736843,2.0526315789473686,0.4857142857142857,1.7428571428571429,1.1714285714285717
Ghana,Uruguay,0,2,Group stage,2022,0,73.0,1346.881205,16.0,1673.068603,0.3333333333333333,1.2,1.5333333333333334,0.423728813559322,1.5084745762711864,1.2881355932203389
Cameroon,Brazil,1,0,Group stage,2022,2,44.0,1481.235245,6.0,1765.856297,0.1923076923076923,0.8461538461538461,1.807692307692308,0.6666666666666666,2.0789473684210527,0.9473684210526316
Serbia,Switzerland,2,3,Group stage,2022,0,43.0,1502.133186,19.0,1650.064179,0.2222222222222222,1.0,1.6666666666666667,0.3414634146341463,1.3414634146341464,1.7804878048780488
Canada,Morocco,1,2,Group stage,2022,0,30.0,1559.479301,7.0,1755.100232,0.0,0.3333333333333333,2.0,0.217391304347826,0.8695652173913043,1.173913043478261
Croatia,Belgium,0,0,Group stage,2022,1,11.0,1714.865572,9.0,1742.235945,0.4333333333333333,1.4333333333333331,1.1,0.4117647058823529,1.3529411764705883,1.4509803921568627
Costa Rica,Germany,2,4,Group stage,2022,0,52.0,1457.00228,10.0,1735.771984,0.2857142857142857,1.0476190476190477,1.8571428571428568,0.6607142857142857,2.25,1.1964285714285714
Japan,Spain,2,1,Group stage,2022,2,18.0,1661.576187,2.0,1873.013187,0.28,1.0,1.32,0.4626865671641791,1.611940298507463,1.1194029850746268
Australia,Denmark,1,0,Group stage,2022,2,27.0,1579.34264,21.0,1619.474248,0.2,0.85,1.85,0.391304347826087,1.3478260869565215,1.2608695652173914
Tunisia,France,1,0,Group stage,2022,2,46.0,1476.405088,3.0,1869.428449,0.1666666666666666,0.7777777777777778,1.4444444444444444,0.5342465753424658,1.8630136986301369,1.1643835616438356
Saudi Arabia,Mexico,1,2,Group stage,2022,0,61.0,1421.538339,14.0,1687.481759,0.2105263157894736,0.7368421052631579,2.3157894736842106,0.2833333333333333,1.0333333333333334,1.6833333333333331
Poland,Argentina,0,2,Group stage,2022,0,36.0,1526.183359,1.0,1876.118331,0.4473684210526316,1.2894736842105263,1.3157894736842106,0.5340909090909091,1.7272727272727273,1.1477272727272727
Ecuador,Senegal,1,2,Group stage,2022,0,23.0,1598.51582,15.0,1686.412769,0.3846153846153846,1.0769230769230769,1.0769230769230769,0.4166666666666667,1.3333333333333333,1.4166666666666667
Netherlands,Qatar,2,0,Group stage,2022,2,8.0,1751.097835,57.0,1450.307729,0.5454545454545454,1.7454545454545454,0.9454545454545454,0.0,0.3333333333333333,2.333333333333333
Wales,England,0,3,Group stage,2022,0,37.0,1516.946629,4.0,1827.048678,0.125,0.625,1.25,0.4324324324324324,1.4054054054054057,0.918918918918919
Cameroon,Serbia,3,3,Group stage,2022,1,44.0,1481.235245,43.0,1502.133186,0.1923076923076923,0.8461538461538461,1.807692307692308,0.2222222222222222,1.0,1.6666666666666667
Korea Republic,Ghana,2,3,Group stage,2022,0,25.0,1591.630886,73.0,1346.881205,0.1842105263157894,1.0263157894736843,2.0526315789473686,0.3333333333333333,1.2,1.5333333333333334
Brazil,Switzerland,1,0,Group stage,2022,2,6.0,1765.856297,19.0,1650.064179,0.6666666666666666,2.0789473684210527,0.9473684210526316,0.3414634146341463,1.3414634146341464,1.7804878048780488
Portugal,Uruguay,2,0,Group stage,2022,2,5.0,1766.177547,16.0,1673.068603,0.4857142857142857,1.7428571428571429,1.1714285714285717,0.423728813559322,1.5084745762711864,1.2881355932203389
Japan,Costa Rica,0,1,Group stage,2022,0,18.0,1661.576187,52.0,1457.00228,0.28,1.0,1.32,0.2857142857142857,1.0476190476190477,1.8571428571428568
Belgium,Morocco,0,2,Group stage,2022,0,9.0,1742.235945,7.0,1755.100232,0.4117647058823529,1.3529411764705883,1.4509803921568627,0.217391304347826,0.8695652173913043,1.173913043478261
Croatia,Canada,4,1,Group stage,2022,2,11.0,1714.865572,30.0,1559.479301,0.4333333333333333,1.4333333333333331,1.1,0.0,0.3333333333333333,2.0
Spain,Germany,1,1,Group stage,2022,1,2.0,1873.013187,10.0,1735.771984,0.4626865671641791,1.611940298507463,1.1194029850746268,0.6607142857142857,2.25,1.1964285714285714
Tunisia,Australia,0,1,Group stage,2022,0,46.0,1476.405088,27.0,1579.34264,0.1666666666666666,0.7777777777777778,1.4444444444444444,0.2,0.85,1.85
Poland,Saudi Arabia,2,0,Group stage,2022,2,36.0,1526.183359,61.0,1421.538339,0.4473684210526316,1.2894736842105263,1.3157894736842106,0.2105263157894736,0.7368421052631579,2.3157894736842106
France,Denmark,2,1,Group stage,2022,2,3.0,1869.428449,21.0,1619.474248,0.5342465753424658,1.8630136986301369,1.1643835616438356,0.391304347826087,1.3478260869565215,1.2608695652173914
Argentina,Mexico,2,0,Group stage,2022,2,1.0,1876.118331,14.0,1687.481759,0.5340909090909091,1.7272727272727273,1.1477272727272727,0.2833333333333333,1.0333333333333334,1.6833333333333331
Wales,IR Iran,0,2,Group stage,2022,0,37.0,1516.946629,20.0,1619.58163,0.125,0.625,1.25,0.1666666666666666,0.7222222222222222,1.7222222222222223
Qatar,Senegal,1,3,Group stage,2022,0,57.0,1450.307729,15.0,1686.412769,0.0,0.3333333333333333,2.333333333333333,0.4166666666666667,1.3333333333333333,1.4166666666666667
Netherlands,Ecuador,1,1,Group stage,2022,1,8.0,1751.097835,23.0,1598.51582,0.5454545454545454,1.7454545454545454,0.9454545454545454,0.3846153846153846,1.0769230769230769,1.0769230769230769
Switzerland,Cameroon,1,0,Group stage,2022,2,19.0,1650.064179,44.0,1481.235245,0.3414634146341463,1.3414634146341464,1.7804878048780488,0.1923076923076923,0.8461538461538461,1.807692307692308
Uruguay,Korea Republic,0,0,Group stage,2022,1,16.0,1673.068603,25.0,1591.630886,0.423728813559322,1.5084745762711864,1.2881355932203389,0.1842105263157894,1.0263157894736843,2.0526315789473686
Portugal,Ghana,3,2,Group stage,2022,2,5.0,1766.177547,73.0,1346.881205,0.4857142857142857,1.7428571428571429,1.1714285714285717,0.3333333333333333,1.2,1.5333333333333334
Brazil,Serbia,2,0,Group stage,2022,2,6.0,1765.856297,43.0,1502.133186,0.6666666666666666,2.0789473684210527,0.9473684210526316,0.2222222222222222,1.0,1.6666666666666667
Morocco,Croatia,0,0,Group stage,2022,1,7.0,1755.100232,11.0,1714.865572,0.217391304347826,0.8695652173913043,1.173913043478261,0.4333333333333333,1.4333333333333331,1.1
Germany,Japan,1,2,Group stage,2022,0,10.0,1735.771984,18.0,1661.576187,0.6607142857142857,2.25,1.1964285714285714,0.28,1.0,1.32
Spain,Costa Rica,7,0,Group stage,2022,2,2.0,1873.013187,52.0,1457.00228,0.4626865671641791,1.611940298507463,1.1194029850746268,0.2857142857142857,1.0476190476190477,1.8571428571428568
Belgium,Canada,1,0,Group stage,2022,2,9.0,1742.235945,30.0,1559.479301,0.4117647058823529,1.3529411764705883,1.4509803921568627,0.0,0.3333333333333333,2.0
Argentina,Saudi Arabia,1,2,Group stage,2022,0,1.0,1876.118331,61.0,1421.538339,0.5340909090909091,1.7272727272727273,1.1477272727272727,0.2105263157894736,0.7368421052631579,2.3157894736842106
Denmark,Tunisia,0,0,Group stage,2022,1,21.0,1619.474248,46.0,1476.405088,0.391304347826087,1.3478260869565215,1.2608695652173914,0.1666666666666666,0.7777777777777778,1.4444444444444444
Mexico,Poland,0,0,Group stage,2022,1,14.0,1687.481759,36.0,1526.183359,0.2833333333333333,1.0333333333333334,1.6833333333333331,0.4473684210526316,1.2894736842105263,1.3157894736842106
France,Australia,4,1,Group stage,2022,2,3.0,1869.428449,27.0,1579.34264,0.5342465753424658,1.8630136986301369,1.1643835616438356,0.2,0.85,1.85
England,IR Iran,6,2,Group stage,2022,2,4.0,1827.048678,20.0,1619.58163,0.4324324324324324,1.4054054054054057,0.918918918918919,0.1666666666666666,0.7222222222222222,1.7222222222222223
Senegal,Netherlands,0,2,Group stage,2022,0,15.0,1686.412769,8.0,1751.097835,0.4166666666666667,1.3333333333333333,1.4166666666666667,0.5454545454545454,1.7454545454545454,0.9454545454545454
Qatar,Ecuador,0,2,Group stage,2022,0,57.0,1450.307729,23.0,1598.51582,0.0,0.3333333333333333,2.333333333333333,0.3846153846153846,1.0769230769230769,1.0769230769230769
France,Croatia,4,2,Final,2018,2,3.0,1869.428449,11.0,1714.865572,0.5342465753424658,1.8630136986301369,1.1643835616438356,0.4333333333333333,1.4333333333333331,1.1
Belgium,England,2,0,Third-place match,2018,2,9.0,1742.235945,4.0,1827.048678,0.4117647058823529,1.3529411764705883,1.4509803921568627,0.4324324324324324,1.4054054054054057,0.918918918918919
Croatia,England,2,1,Semi-finals,2018,2,11.0,1714.865572,4.0,1827.048678,0.4333333333333333,1.4333333333333331,1.1,0.4324324324324324,1.4054054054054057,0.918918918918919
France,Belgium,1,0,Semi-finals,2018,2,3.0,1869.428449,9.0,1742.235945,0.5342465753424658,1.8630136986301369,1.1643835616438356,0.4117647058823529,1.3529411764705883,1.4509803921568627
Sweden,England,0,2,Quarter-finals,2018,0,38.0,1509.785392,4.0,1827.048678,0.3725490196078431,1.568627450980392,1.431372549019608,0.4324324324324324,1.4054054054054057,0.918918918918919
Russia,Croatia,2,2,Quarter-finals,2018,1,35.0,1527.237131,11.0,1714.865572,0.2857142857142857,1.7142857142857142,1.4285714285714286,0.4333333333333333,1.4333333333333331,1.1
Uruguay,France,0,2,Quarter-finals,2018,0,16.0,1673.068603,3.0,1869.428449,0.423728813559322,1.5084745762711864,1.2881355932203389,0.5342465753424658,1.8630136986301369,1.1643835616438356
Brazil,Belgium,1,2,Quarter-finals,2018,0,6.0,1765.856297,9.0,1742.235945,0.6666666666666666,2.0789473684210527,0.9473684210526316,0.4117647058823529,1.3529411764705883,1.4509803921568627
Sweden,Switzerland,1,0,Round of 16,2018,2,38.0,1509.785392,19.0,1650.064179,0.3725490196078431,1.568627450980392,1.431372549019608,0.3414634146341463,1.3414634146341464,1.7804878048780488
Colombia,England,1,1,Round of 16,2018,1,13.0,1698.351858,4.0,1827.048678,0.4090909090909091,1.4545454545454546,1.3636363636363635,0.4324324324324324,1.4054054054054057,0.918918918918919
Brazil,Mexico,2,0,Round of 16,2018,2,6.0,1765.856297,14.0,1687.481759,0.6666666666666666,2.0789473684210527,0.9473684210526316,0.2833333333333333,1.0333333333333334,1.6833333333333331
Belgium,Japan,3,2,Round of 16,2018,2,9.0,1742.235945,18.0,1661.576187,0.4117647058823529,1.3529411764705883,1.4509803921568627,0.28,1.0,1.32
Spain,Russia,1,1,Round of 16,2018,1,2.0,1873.013187,35.0,1527.237131,0.4626865671641791,1.611940298507463,1.1194029850746268,0.2857142857142857,1.7142857142857142,1.4285714285714286
Croatia,Denmark,1,1,Round of 16,2018,1,11.0,1714.865572,21.0,1619.474248,0.4333333333333333,1.4333333333333331,1.1,0.391304347826087,1.3478260869565215,1.2608695652173914
France,Argentina,4,3,Round of 16,2018,2,3.0,1869.428449,1.0,1876.118331,0.5342465753424658,1.8630136986301369,1.1643835616438356,0.5340909090909091,1.7272727272727273,1.1477272727272727
Uruguay,Portugal,2,1,Round of 16,2018,2,16.0,1673.068603,5.0,1766.177547,0.423728813559322,1.5084745762711864,1.2881355932203389,0.4857142857142857,1.7428571428571429,1.1714285714285717
Japan,Poland,0,1,Group stage,2018,0,18.0,1661.576187,36.0,1526.183359,0.28,1.0,1.32,0.4473684210526316,1.2894736842105263,1.3157894736842106
Senegal,Colombia,0,1,Group stage,2018,0,15.0,1686.412769,13.0,1698.351858,0.4166666666666667,1.3333333333333333,1.4166666666666667,0.4090909090909091,1.4545454545454546,1.3636363636363635
England,Belgium,0,1,Group stage,2018,0,4.0,1827.048678,9.0,1742.235945,0.4324324324324324,1.4054054054054057,0.918918918918919,0.4117647058823529,1.3529411764705883,1.4509803921568627
Panama,Tunisia,1,2,Group stage,2018,0,34.0,1539.155509,46.0,1476.405088,0.0,0.6666666666666666,3.6666666666666665,0.1666666666666666,0.7777777777777778,1.4444444444444444
Korea Republic,Germany,2,0,Group stage,2018,2,25.0,1591.630886,10.0,1735.771984,0.1842105263157894,1.0263157894736843,2.0526315789473686,0.6607142857142857,2.25,1.1964285714285714
Mexico,Sweden,0,3,Group stage,2018,0,14.0,1687.481759,38.0,1509.785392,0.2833333333333333,1.0333333333333334,1.6833333333333331,0.3725490196078431,1.568627450980392,1.431372549019608
Switzerland,Costa Rica,2,2,Group stage,2018,1,19.0,1650.064179,52.0,1457.00228,0.3414634146341463,1.3414634146341464,1.7804878048780488,0.2857142857142857,1.0476190476190477,1.8571428571428568
Serbia,Brazil,0,2,Group stage,2018,0,43.0,1502.133186,6.0,1765.856297,0.2222222222222222,1.0,1.6666666666666667,0.6666666666666666,2.0789473684210527,0.9473684210526316
Australia,Peru,0,2,Group stage,2018,0,27.0,1579.34264,51.0,1459.390555,0.2,0.85,1.85,0.2777777777777778,1.1666666666666667,1.8333333333333333
Denmark,France,0,0,Group stage,2018,1,21.0,1619.474248,3.0,1869.428449,0.391304347826087,1.3478260869565215,1.2608695652173914,0.5342465753424658,1.8630136986301369,1.1643835616438356
Iceland,Croatia,1,2,Group stage,2018,0,74.0,1343.920201,11.0,1714.865572,0.0,0.6666666666666666,1.6666666666666667,0.4333333333333333,1.4333333333333331,1.1
Nigeria,Argentina,1,2,Group stage,2018,0,26.0,1586.688586,1.0,1876.118331,0.2857142857142857,1.0952380952380951,1.4285714285714286,0.5340909090909091,1.7272727272727273,1.1477272727272727
Saudi Arabia,Egypt,2,1,Group stage,2018,2,61.0,1421.538339,29.0,1562.367246,0.2105263157894736,0.7368421052631579,2.3157894736842106,0.0,0.7142857142857143,1.7142857142857142
Uruguay,Russia,3,0,Group stage,2018,2,16.0,1673.068603,35.0,1527.237131,0.423728813559322,1.5084745762711864,1.2881355932203389,0.2857142857142857,1.7142857142857142,1.4285714285714286
Spain,Morocco,2,2,Group stage,2018,1,2.0,1873.013187,7.0,1755.100232,0.4626865671641791,1.611940298507463,1.1194029850746268,0.217391304347826,0.8695652173913043,1.173913043478261
IR Iran,Portugal,1,1,Group stage,2018,1,20.0,1619.58163,5.0,1766.177547,0.1666666666666666,0.7222222222222222,1.7222222222222223,0.4857142857142857,1.7428571428571429,1.1714285714285717
England,Panama,6,1,Group stage,2018,2,4.0,1827.048678,34.0,1539.155509,0.4324324324324324,1.4054054054054057,0.918918918918919,0.0,0.6666666666666666,3.6666666666666665
Japan,Senegal,2,2,Group stage,2018,1,18.0,1661.576187,15.0,1686.412769,0.28,1.0,1.32,0.4166666666666667,1.3333333333333333,1.4166666666666667
Poland,Colombia,0,3,Group stage,2018,0,36.0,1526.183359,13.0,1698.351858,0.4473684210526316,1.2894736842105263,1.3157894736842106,0.4090909090909091,1.4545454545454546,1.3636363636363635
Belgium,Tunisia,5,2,Group stage,2018,2,9.0,1742.235945,46.0,1476.405088,0.4117647058823529,1.3529411764705883,1.4509803921568627,0.1666666666666666,0.7777777777777778,1.4444444444444444
Korea Republic,Mexico,1,2,Group stage,2018,0,25.0,1591.630886,14.0,1687.481759,0.1842105263157894,1.0263157894736843,2.0526315789473686,0.2833333333333333,1.0333333333333334,1.6833333333333331
Germany,Sweden,2,1,Group stage,2018,2,10.0,1735.771984,38.0,1509.785392,0.6607142857142857,2.25,1.1964285714285714,0.3725490196078431,1.568627450980392,1.431372549019608
Brazil,Costa Rica,2,0,Group stage,2018,2,6.0,1765.856297,52.0,1457.00228,0.6666666666666666,2.0789473684210527,0.9473684210526316,0.2857142857142857,1.0476190476190477,1.8571428571428568
Nigeria,Iceland,2,0,Group stage,2018,2,26.0,1586.688586,74.0,1343.920201,0.2857142857142857,1.0952380952380951,1.4285714285714286,0.0,0.6666666666666666,1.6666666666666667
Serbia,Switzerland,1,2,Group stage,2018,0,43.0,1502.133186,19.0,1650.064179,0.2222222222222222,1.0,1.6666666666666667,0.3414634146341463,1.3414634146341464,1.7804878048780488
Denmark,Australia,1,1,Group stage,2018,1,21.0,1619.474248,27.0,1579.34264,0.391304347826087,1.3478260869565215,1.2608695652173914,0.2,0.85,1.85
France,Peru,1,0,Group stage,2018,2,3.0,1869.428449,51.0,1459.390555,0.5342465753424658,1.8630136986301369,1.1643835616438356,0.2777777777777778,1.1666666666666667,1.8333333333333333
Argentina,Croatia,0,3,Group stage,2018,0,1.0,1876.118331,11.0,1714.865572,0.5340909090909091,1.7272727272727273,1.1477272727272727,0.4333333333333333,1.4333333333333331,1.1
Portugal,Morocco,1,0,Group stage,2018,2,5.0,1766.177547,7.0,1755.100232,0.4857142857142857,1.7428571428571429,1.1714285714285717,0.217391304347826,0.8695652173913043,1.173913043478261
Uruguay,Saudi Arabia,1,0,Group stage,2018,2,16.0,1673.068603,61.0,1421.538339,0.423728813559322,1.5084745762711864,1.2881355932203389,0.2105263157894736,0.7368421052631579,2.3157894736842106
IR Iran,Spain,0,1,Group stage,2018,0,20.0,1619.58163,2.0,1873.013187,0.1666666666666666,0.7222222222222222,1.7222222222222223,0.4626865671641791,1.611940298507463,1.1194029850746268
Colombia,Japan,1,2,Group stage,2018,0,13.0,1698.351858,18.0,1661.576187,0.4090909090909091,1.4545454545454546,1.3636363636363635,0.28,1.0,1.32
Poland,Senegal,1,2,Group stage,2018,0,36.0,1526.183359,15.0,1686.412769,0.4473684210526316,1.2894736842105263,1.3157894736842106,0.4166666666666667,1.3333333333333333,1.4166666666666667
Russia,Egypt,3,1,Group stage,2018,2,35.0,1527.237131,29.0,1562.367246,0.2857142857142857,1.7142857142857142,1.4285714285714286,0.0,0.7142857142857143,1.7142857142857142
Sweden,Korea Republic,1,0,Group stage,2018,2,38.0,1509.785392,25.0,1591.630886,0.3725490196078431,1.568627450980392,1.431372549019608,0.1842105263157894,1.0263157894736843,2.0526315789473686
Belgium,Panama,3,0,Group stage,2018,2,9.0,1742.235945,34.0,1539.155509,0.4117647058823529,1.3529411764705883,1.4509803921568627,0.0,0.6666666666666666,3.6666666666666665
Tunisia,England,1,2,Group stage,2018,0,46.0,1476.405088,4.0,1827.048678,0.1666666666666666,0.7777777777777778,1.4444444444444444,0.4324324324324324,1.4054054054054057,0.918918918918919
Costa Rica,Serbia,0,1,Group stage,2018,0,52.0,1457.00228,43.0,1502.133186,0.2857142857142857,1.0476190476190477,1.8571428571428568,0.2222222222222222,1.0,1.6666666666666667
Germany,Mexico,0,1,Group stage,2018,0,10.0,1735.771984,14.0,1687.481759,0.6607142857142857,2.25,1.1964285714285714,0.2833333333333333,1.0333333333333334,1.6833333333333331
Brazil,Switzerland,1,1,Group stage,2018,1,6.0,1765.856297,19.0,1650.064179,0.6666666666666666,2.0789473684210527,0.9473684210526316,0.3414634146341463,1.3414634146341464,1.7804878048780488
France,Australia,2,1,Group stage,2018,2,3.0,1869.428449,27.0,1579.34264,0.5342465753424658,1.8630136986301369,1.1643835616438356,0.2,0.85,1.85
Argentina,Iceland,1,1,Group stage,2018,1,1.0,1876.118331,74.0,1343.920201,0.5340909090909091,1.7272727272727273,1.1477272727272727,0.0,0.6666666666666666,1.6666666666666667
Peru,Denmark,0,1,Group stage,2018,0,51.0,1459.390555,21.0,1619.474248,0.2777777777777778,1.1666666666666667,1.8333333333333333,0.391304347826087,1.3478260869565215,1.2608695652173914
Croatia,Nigeria,2,0,Group stage,2018,2,11.0,1714.865572,26.0,1586.688586,0.4333333333333333,1.4333333333333331,1.1,0.2857142857142857,1.0952380952380951,1.4285714285714286
Egypt,Uruguay,0,1,Group stage,2018,0,29.0,1562.367246,16.0,1673.068603,0.0,0.7142857142857143,1.7142857142857142,0.423728813559322,1.5084745762711864,1.2881355932203389
Morocco,IR Iran,0,1,Group stage,2018,0,7.0,1755.100232,20.0,1619.58163,0.217391304347826,0.8695652173913043,1.173913043478261,0.1666666666666666,0.7222222222222222,1.7222222222222223
Portugal,Spain,3,3,Group stage,2018,1,5.0,1766.177547,2.0,1873.013187,0.4857142857142857,1.7428571428571429,1.1714285714285717,0.4626865671641791,1.611940298507463,1.1194029850746268
Russia,Saudi Arabia,5,0,Group stage,2018,2,35.0,1527.237131,61.0,1421.538339,0.2857142857142857,1.7142857142857142,1.4285714285714286,0.2105263157894736,0.7368421052631579,2.3157894736842106
Germany,Argentina,1,0,Final,2014,2,10.0,1735.771984,1.0,1876.118331,0.6607142857142857,2.25,1.1964285714285714,0.5340909090909091,1.7272727272727273,1.1477272727272727
Brazil,Netherlands,0,3,Third-place match,2014,0,6.0,1765.856297,8.0,1751.097835,0.6666666666666666,2.0789473684210527,0.9473684210526316,0.5454545454545454,1.7454545454545454,0.9454545454545454
Netherlands,Argentina,0,0,Semi-finals,2014,1,8.0,1751.097835,1.0,1876.118331,0.5454545454545454,1.7454545454545454,0.9454545454545454,0.5340909090909091,1.7272727272727273,1.1477272727272727
Brazil,Germany,1,7,Semi-finals,2014,0,6.0,1765.856297,10.0,1735.771984,0.6666666666666666,2.0789473684210527,0.9473684210526316,0.6607142857142857,2.25,1.1964285714285714
Argentina,Belgium,1,0,Quarter-finals,2014,2,1.0,1876.118331,9.0,1742.235945,0.5340909090909091,1.7272727272727273,1.1477272727272727,0.4117647058823529,1.3529411764705883,1.4509803921568627
Netherlands,Costa Rica,0,0,Quarter-finals,2014,1,8.0,1751.097835,52.0,1457.00228,0.5454545454545454,1.7454545454545454,0.9454545454545454,0.2857142857142857,1.0476190476190477,1.8571428571428568
France,Germany,0,1,Quarter-finals,2014,0,3.0,1869.428449,10.0,1735.771984,0.5342465753424658,1.8630136986301369,1.1643835616438356,0.6607142857142857,2.25,1.1964285714285714
Brazil,Colombia,2,1,Quarter-finals,2014,2,6.0,1765.856297,13.0,1698.351858,0.6666666666666666,2.0789473684210527,0.9473684210526316,0.4090909090909091,1.4545454545454546,1.3636363636363635
Argentina,Switzerland,1,0,Round of 16,2014,2,1.0,1876.118331,19.0,1650.064179,0.5340909090909091,1.7272727272727273,1.1477272727272727,0.3414634146341463,1.3414634146341464,1.7804878048780488
France,Nigeria,2,0,Round of 16,2014,2,3.0,1869.428449,26.0,1586.688586,0.5342465753424658,1.8630136986301369,1.1643835616438356,0.2857142857142857,1.0952380952380951,1.4285714285714286
Germany,Algeria,2,1,Round of 16,2014,2,10.0,1735.771984,28.0,1571.033293,0.6607142857142857,2.25,1.1964285714285714,0.2307692307692307,1.0,1.4615384615384617
Netherlands,Mexico,2,1,Round of 16,2014,2,8.0,1751.097835,14.0,1687.481759,0.5454545454545454,1.7454545454545454,0.9454545454545454,0.2833333333333333,1.0333333333333334,1.6833333333333331
Costa Rica,Greece,1,1,Round of 16,2014,1,52.0,1457.00228,48.0,1473.187305,0.2857142857142857,1.0476190476190477,1.8571428571428568,0.2,0.5,2.0
Brazil,Chile,1,1,Round of 16,2014,1,6.0,1765.856297,55.0,1452.939983,0.6666666666666666,2.0789473684210527,0.9473684210526316,0.3333333333333333,1.2121212121212122,1.4848484848484849
Colombia,Uruguay,2,0,Round of 16,2014,2,13.0,1698.351858,16.0,1673.068603,0.4090909090909091,1.4545454545454546,1.3636363636363635,0.423728813559322,1.5084745762711864,1.2881355932203389
Portugal,Ghana,2,1,Group stage,2014,2,5.0,1766.177547,73.0,1346.881205,0.4857142857142857,1.7428571428571429,1.1714285714285717,0.3333333333333333,1.2,1.5333333333333334
Korea Republic,Belgium,0,1,Group stage,2014,0,25.0,1591.630886,9.0,1742.235945,0.1842105263157894,1.0263157894736843,2.0526315789473686,0.4117647058823529,1.3529411764705883,1.4509803921568627
Algeria,Russia,1,1,Group stage,2014,1,28.0,1571.033293,35.0,1527.237131,0.2307692307692307,1.0,1.4615384615384617,0.2857142857142857,1.7142857142857142,1.4285714285714286
Bosnia and Herzegovina,IR Iran,3,1,Group stage,2014,2,64.0,1387.215771,20.0,1619.58163,0.3333333333333333,1.3333333333333333,1.3333333333333333,0.1666666666666666,0.7222222222222222,1.7222222222222223
Nigeria,Argentina,2,3,Group stage,2014,0,26.0,1586.688586,1.0,1876.118331,0.2857142857142857,1.0952380952380951,1.4285714285714286,0.5340909090909091,1.7272727272727273,1.1477272727272727
Honduras,Switzerland,0,3,Group stage,2014,0,65.0,1378.970301,19.0,1650.064179,0.0,0.3333333333333333,1.5555555555555556,0.3414634146341463,1.3414634146341464,1.7804878048780488
Ecuador,France,0,0,Group stage,2014,1,23.0,1598.51582,3.0,1869.428449,0.3846153846153846,1.0769230769230769,1.0769230769230769,0.5342465753424658,1.8630136986301369,1.1643835616438356
Costa Rica,England,0,0,Group stage,2014,1,52.0,1457.00228,4.0,1827.048678,0.2857142857142857,1.0476190476190477,1.8571428571428568,0.4324324324324324,1.4054054054054057,0.918918918918919
Italy,Uruguay,0,1,Group stage,2014,0,12.0,1704.733836,16.0,1673.068603,0.5421686746987951,1.5421686746987953,0.927710843373494,0.423728813559322,1.5084745762711864,1.2881355932203389
Japan,Colombia,1,4,Group stage,2014,0,18.0,1661.576187,13.0,1698.351858,0.28,1.0,1.32,0.4090909090909091,1.4545454545454546,1.3636363636363635
Greece,Côte d'Ivoire,2,1,Group stage,2014,2,48.0,1473.187305,33.0,1540.869533,0.2,0.5,2.0,0.3333333333333333,1.4444444444444444,1.5555555555555556
Australia,Spain,0,3,Group stage,2014,0,27.0,1579.34264,2.0,1873.013187,0.2,0.85,1.85,0.4626865671641791,1.611940298507463,1.1194029850746268
Netherlands,Chile,2,0,Group stage,2014,2,8.0,1751.097835,55.0,1452.939983,0.5454545454545454,1.7454545454545454,0.9454545454545454,0.3333333333333333,1.2121212121212122,1.4848484848484849
Croatia,Mexico,1,3,Group stage,2014,0,11.0,1714.865572,14.0,1687.481759,0.4333333333333333,1.4333333333333331,1.1,0.2833333333333333,1.0333333333333334,1.6833333333333331
Cameroon,Brazil,1,4,Group stage,2014,0,44.0,1481.235245,6.0,1765.856297,0.1923076923076923,0.8461538461538461,1.807692307692308,0.6666666666666666,2.0789473684210527,0.9473684210526316
Belgium,Russia,1,0,Group stage,2014,2,9.0,1742.235945,35.0,1527.237131,0.4117647058823529,1.3529411764705883,1.4509803921568627,0.2857142857142857,1.7142857142857142,1.4285714285714286
Korea Republic,Algeria,2,4,Group stage,2014,0,25.0,1591.630886,28.0,1571.033293,0.1842105263157894,1.0263157894736843,2.0526315789473686,0.2307692307692307,1.0,1.4615384615384617
Argentina,IR Iran,1,0,Group stage,2014,2,1.0,1876.118331,20.0,1619.58163,0.5340909090909091,1.7272727272727273,1.1477272727272727,0.1666666666666666,0.7222222222222222,1.7222222222222223
Germany,Ghana,2,2,Group stage,2014,1,10.0,1735.771984,73.0,1346.881205,0.6607142857142857,2.25,1.1964285714285714,0.3333333333333333,1.2,1.5333333333333334
Nigeria,Bosnia and Herzegovina,1,0,Group stage,2014,2,26.0,1586.688586,64.0,1387.215771,0.2857142857142857,1.0952380952380951,1.4285714285714286,0.3333333333333333,1.3333333333333333,1.3333333333333333
Italy,Costa Rica,0,1,Group stage,2014,0,12.0,1704.733836,52.0,1457.00228,0.5421686746987951,1.5421686746987953,0.927710843373494,0.2857142857142857,1.0476190476190477,1.8571428571428568
Switzerland,France,2,5,Group stage,2014,0,19.0,1650.064179,3.0,1869.428449,0.3414634146341463,1.3414634146341464,1.7804878048780488,0.5342465753424658,1.8630136986301369,1.1643835616438356
Honduras,Ecuador,1,2,Group stage,2014,0,65.0,1378.970301,23.0,1598.51582,0.0,0.3333333333333333,1.5555555555555556,0.3846153846153846,1.0769230769230769,1.0769230769230769
Colombia,Côte d'Ivoire,2,1,Group stage,2014,2,13.0,1698.351858,33.0,1540.869533,0.4090909090909091,1.4545454545454546,1.3636363636363635,0.3333333333333333,1.4444444444444444,1.5555555555555556
Uruguay,England,2,1,Group stage,2014,2,16.0,1673.068603,4.0,1827.048678,0.423728813559322,1.5084745762711864,1.2881355932203389,0.4324324324324324,1.4054054054054057,0.918918918918919
Japan,Greece,0,0,Group stage,2014,1,18.0,1661.576187,48.0,1473.187305,0.28,1.0,1.32,0.2,0.5,2.0
Australia,Netherlands,2,3,Group stage,2014,0,27.0,1579.34264,8.0,1751.097835,0.2,0.85,1.85,0.5454545454545454,1.7454545454545454,0.9454545454545454
Spain,Chile,0,2,Group stage,2014,0,2.0,1873.013187,55.0,1452.939983,0.4626865671641791,1.611940298507463,1.1194029850746268,0.3333333333333333,1.2121212121212122,1.4848484848484849
Cameroon,Croatia,0,4,Group stage,2014,0,44.0,1481.235245,11.0,1714.865572,0.1923076923076923,0.8461538461538461,1.807692307692308,0.4333333333333333,1.4333333333333331,1.1
Belgium,Algeria,2,1,Group stage,2014,2,9.0,1742.235945,28.0,1571.033293,0.4117647058823529,1.3529411764705883,1.4509803921568627,0.2307692307692307,1.0,1.4615384615384617
Brazil,Mexico,0,0,Group stage,2014,1,6.0,1765.856297,14.0,1687.481759,0.6666666666666666,2.0789473684210527,0.9473684210526316,0.2833333333333333,1.0333333333333334,1.6833333333333331
Russia,Korea Republic,1,1,Group stage,2014,1,35.0,1527.237131,25.0,1591.630886,0.2857142857142857,1.7142857142857142,1.4285714285714286,0.1842105263157894,1.0263157894736843,2.0526315789473686
Germany,Portugal,4,0,Group stage,2014,2,10.0,1735.771984,5.0,1766.177547,0.6607142857142857,2.25,1.1964285714285714,0.4857142857142857,1.7428571428571429,1.1714285714285717
IR Iran,Nigeria,0,0,Group stage,2014,1,20.0,1619.58163,26.0,1586.688586,0.1666666666666666,0.7222222222222222,1.7222222222222223,0.2857142857142857,1.0952380952380951,1.4285714285714286
Switzerland,Ecuador,2,1,Group stage,2014,2,19.0,1650.064179,23.0,1598.51582,0.3414634146341463,1.3414634146341464,1.7804878048780488,0.3846153846153846,1.0769230769230769,1.0769230769230769
France,Honduras,3,0,Group stage,2014,2,3.0,1869.428449,65.0,1378.970301,0.5342465753424658,1.8630136986301369,1.1643835616438356,0.0,0.3333333333333333,1.5555555555555556
Argentina,Bosnia and Herzegovina,2,1,Group stage,2014,2,1.0,1876.118331,64.0,1387.215771,0.5340909090909091,1.7272727272727273,1.1477272727272727,0.3333333333333333,1.3333333333333333,1.3333333333333333
Colombia,Greece,3,0,Group stage,2014,2,13.0,1698.351858,48.0,1473.187305,0.4090909090909091,1.4545454545454546,1.3636363636363635,0.2,0.5,2.0
Uruguay,Costa Rica,1,3,Group stage,2014,0,16.0,1673.068603,52.0,1457.00228,0.423728813559322,1.5084745762711864,1.2881355932203389,0.2857142857142857,1.0476190476190477,1.8571428571428568
England,Italy,1,2,Group stage,2014,0,4.0,1827.048678,12.0,1704.733836,0.4324324324324324,1.4054054054054057,0.918918918918919,0.5421686746987951,1.5421686746987953,0.927710843373494
Côte d'Ivoire,Japan,2,1,Group stage,2014,2,33.0,1540.869533,18.0,1661.576187,0.3333333333333333,1.4444444444444444,1.5555555555555556,0.28,1.0,1.32
Mexico,Cameroon,1,0,Group stage,2014,2,14.0,1687.481759,44.0,1481.235245,0.2833333333333333,1.0333333333333334,1.6833333333333331,0.1923076923076923,0.8461538461538461,1.807692307692308
Spain,Netherlands,1,5,Group stage,2014,0,2.0,1873.013187,8.0,1751.097835,0.4626865671641791,1.611940298507463,1.1194029850746268,0.5454545454545454,1.7454545454545454,0.9454545454545454
Chile,Australia,3,1,Group stage,2014,2,55.0,1452.939983,27.0,1579.34264,0.3333333333333333,1.2121212121212122,1.4848484848484849,0.2,0.85,1.85
Brazil,Croatia,3,1,Group stage,2014,2,6.0,1765.856297,11.0,1714.865572,0.6666666666666666,2.0789473684210527,0.9473684210526316,0.4333333333333333,1.4333333333333331,1.1
Netherlands,Spain,0,1,Final,2010,0,8.0,1751.097835,2.0,1873.013187,0.5454545454545454,1.7454545454545454,0.9454545454545454,0.4626865671641791,1.611940298507463,1.1194029850746268
Uruguay,Germany,2,3,Third-place match,2010,0,16.0,1673.068603,10.0,1735.771984,0.423728813559322,1.5084745762711864,1.2881355932203389,0.6607142857142857,2.25,1.1964285714285714
Germany,Spain,0,1,Semi-finals,2010,0,10.0,1735.771984,2.0,1873.013187,0.6607142857142857,2.25,1.1964285714285714,0.4626865671641791,1.611940298507463,1.1194029850746268
Uruguay,Netherlands,2,3,Semi-finals,2010,0,16.0,1673.068603,8.0,1751.097835,0.423728813559322,1.5084745762711864,1.2881355932203389,0.5454545454545454,1.7454545454545454,0.9454545454545454
Argentina,Germany,0,4,Quarter-finals,2010,0,1.0,1876.118331,10.0,1735.771984,0.5340909090909091,1.7272727272727273,1.1477272727272727,0.6607142857142857,2.25,1.1964285714285714
Paraguay,Spain,0,1,Quarter-finals,2010,0,40.0,1505.349689,2.0,1873.013187,0.2592592592592592,1.1111111111111112,1.4074074074074074,0.4626865671641791,1.611940298507463,1.1194029850746268
Netherlands,Brazil,2,1,Quarter-finals,2010,2,8.0,1751.097835,6.0,1765.856297,0.5454545454545454,1.7454545454545454,0.9454545454545454,0.6666666666666666,2.0789473684210527,0.9473684210526316
Uruguay,Ghana,1,1,Quarter-finals,2010,1,16.0,1673.068603,73.0,1346.881205,0.423728813559322,1.5084745762711864,1.2881355932203389,0.3333333333333333,1.2,1.5333333333333334
Paraguay,Japan,0,0,Round of 16,2010,1,40.0,1505.349689,18.0,1661.576187,0.2592592592592592,1.1111111111111112,1.4074074074074074,0.28,1.0,1.32
Spain,Portugal,1,0,Round of 16,2010,2,2.0,1873.013187,5.0,1766.177547,0.4626865671641791,1.611940298507463,1.1194029850746268,0.4857142857142857,1.7428571428571429,1.1714285714285717
Netherlands,Slovakia,2,1,Round of 16,2010,2,8.0,1751.097835,47.0,1473.660727,0.5454545454545454,1.7454545454545454,0.9454545454545454,0.25,1.25,1.75
Brazil,Chile,3,0,Round of 16,2010,2,6.0,1765.856297,55.0,1452.939983,0.6666666666666666,2.0789473684210527,0.9473684210526316,0.3333333333333333,1.2121212121212122,1.4848484848484849
Germany,England,4,1,Round of 16,2010,2,10.0,1735.771984,4.0,1827.048678,0.6607142857142857,2.25,1.1964285714285714,0.4324324324324324,1.4054054054054057,0.918918918918919
Argentina,Mexico,3,1,Round of 16,2010,2,1.0,1876.118331,14.0,1687.481759,0.5340909090909091,1.7272727272727273,1.1477272727272727,0.2833333333333333,1.0333333333333334,1.6833333333333331
Uruguay,Korea Republic,2,1,Round of 16,2010,2,16.0,1673.068603,25.0,1591.630886,0.423728813559322,1.5084745762711864,1.2881355932203389,0.1842105263157894,1.0263157894736843,2.0526315789473686
Portugal,Brazil,0,0,Group stage,2010,1,5.0,1766.177547,6.0,1765.856297,0.4857142857142857,1.7428571428571429,1.1714285714285717,0.6666666666666666,2.0789473684210527,0.9473684210526316
Korea DPR,Côte d'Ivoire,0,3,Group stage,2010,0,120.0,1151.052136,33.0,1540.869533,0.1428571428571428,0.8571428571428571,3.0,0.3333333333333333,1.4444444444444444,1.5555555555555556
Chile,Spain,1,2,Group stage,2010,0,55.0,1452.939983,2.0,1873.013187,0.3333333333333333,1.2121212121212122,1.4848484848484849,0.4626865671641791,1.611940298507463,1.1194029850746268
Switzerland,Honduras,0,0,Group stage,2010,1,19.0,1650.064179,65.0,1378.970301,0.3414634146341463,1.3414634146341464,1.7804878048780488,0.0,0.3333333333333333,1.5555555555555556
Paraguay,New Zealand,0,0,Group stage,2010,1,40.0,1505.349689,85.0,1275.581062,0.2592592592592592,1.1111111111111112,1.4074074074074074,0.0,0.6666666666666666,2.333333333333333
Slovakia,Italy,3,2,Group stage,2010,2,47.0,1473.660727,12.0,1704.733836,0.25,1.25,1.75,0.5421686746987951,1.5421686746987953,0.927710843373494
Denmark,Japan,1,3,Group stage,2010,0,21.0,1619.474248,18.0,1661.576187,0.391304347826087,1.3478260869565215,1.2608695652173914,0.28,1.0,1.32
Cameroon,Netherlands,1,2,Group stage,2010,0,44.0,1481.235245,8.0,1751.097835,0.1923076923076923,0.8461538461538461,1.807692307692308,0.5454545454545454,1.7454545454545454,0.9454545454545454
Slovenia,England,0,1,Group stage,2010,0,59.0,1441.087158,4.0,1827.048678,0.1666666666666666,0.8333333333333334,1.6666666666666667,0.4324324324324324,1.4054054054054057,0.918918918918919
Ghana,Germany,0,1,Group stage,2010,0,73.0,1346.881205,10.0,1735.771984,0.3333333333333333,1.2,1.5333333333333334,0.6607142857142857,2.25,1.1964285714285714
Australia,Serbia,2,1,Group stage,2010,2,27.0,1579.34264,43.0,1502.133186,0.2,0.85,1.85,0.2222222222222222,1.0,1.6666666666666667
Mexico,Uruguay,0,1,Group stage,2010,0,14.0,1687.481759,16.0,1673.068603,0.2833333333333333,1.0333333333333334,1.6833333333333331,0.423728813559322,1.5084745762711864,1.2881355932203389
France,South Africa,1,2,Group stage,2010,0,3.0,1869.428449,60.0,1428.379282,0.5342465753424658,1.8630136986301369,1.1643835616438356,0.2222222222222222,1.2222222222222223,1.7777777777777777
Nigeria,Korea Republic,2,2,Group stage,2010,1,26.0,1586.688586,25.0,1591.630886,0.2857142857142857,1.0952380952380951,1.4285714285714286,0.1842105263157894,1.0263157894736843,2.0526315789473686
Greece,Argentina,0,2,Group stage,2010,0,48.0,1473.187305,1.0,1876.118331,0.2,0.5,2.0,0.5340909090909091,1.7272727272727273,1.1477272727272727
Portugal,Korea DPR,7,0,Group stage,2010,2,5.0,1766.177547,120.0,1151.052136,0.4857142857142857,1.7428571428571429,1.1714285714285717,0.1428571428571428,0.8571428571428571,3.0
Chile,Switzerland,1,0,Group stage,2010,2,55.0,1452.939983,19.0,1650.064179,0.3333333333333333,1.2121212121212122,1.4848484848484849,0.3414634146341463,1.3414634146341464,1.7804878048780488
Spain,Honduras,2,0,Group stage,2010,2,2.0,1873.013187,65.0,1378.970301,0.4626865671641791,1.611940298507463,1.1194029850746268,0.0,0.3333333333333333,1.5555555555555556
Slovakia,Paraguay,0,2,Group stage,2010,0,47.0,1473.660727,40.0,1505.349689,0.25,1.25,1.75,0.2592592592592592,1.1111111111111112,1.4074074074074074
Italy,New Zealand,1,1,Group stage,2010,1,12.0,1704.733836,85.0,1275.581062,0.5421686746987951,1.5421686746987953,0.927710843373494,0.0,0.6666666666666666,2.333333333333333
Brazil,Côte d'Ivoire,3,1,Group stage,2010,2,6.0,1765.856297,33.0,1540.869533,0.6666666666666666,2.0789473684210527,0.9473684210526316,0.3333333333333333,1.4444444444444444,1.5555555555555556
Netherlands,Japan,1,0,Group stage,2010,2,8.0,1751.097835,18.0,1661.576187,0.5454545454545454,1.7454545454545454,0.9454545454545454,0.28,1.0,1.32
Ghana,Australia,1,1,Group stage,2010,1,73.0,1346.881205,27.0,1579.34264,0.3333333333333333,1.2,1.5333333333333334,0.2,0.85,1.85
Cameroon,Denmark,1,2,Group stage,2010,0,44.0,1481.235245,21.0,1619.474248,0.1923076923076923,0.8461538461538461,1.807692307692308,0.391304347826087,1.3478260869565215,1.2608695652173914
Germany,Serbia,0,1,Group stage,2010,0,10.0,1735.771984,43.0,1502.133186,0.6607142857142857,2.25,1.1964285714285714,0.2222222222222222,1.0,1.6666666666666667
England,Algeria,0,0,Group stage,2010,1,4.0,1827.048678,28.0,1571.033293,0.4324324324324324,1.4054054054054057,0.918918918918919,0.2307692307692307,1.0,1.4615384615384617
Argentina,Korea Republic,4,1,Group stage,2010,2,1.0,1876.118331,25.0,1591.630886,0.5340909090909091,1.7272727272727273,1.1477272727272727,0.1842105263157894,1.0263157894736843,2.0526315789473686
Greece,Nigeria,2,1,Group stage,2010,2,48.0,1473.187305,26.0,1586.688586,0.2,0.5,2.0,0.2857142857142857,1.0952380952380951,1.4285714285714286
France,Mexico,0,2,Group stage,2010,0,3.0,1869.428449,14.0,1687.481759,0.5342465753424658,1.8630136986301369,1.1643835616438356,0.2833333333333333,1.0333333333333334,1.6833333333333331
Honduras,Chile,0,1,Group stage,2010,0,65.0,1378.970301,55.0,1452.939983,0.0,0.3333333333333333,1.5555555555555556,0.3333333333333333,1.2121212121212122,1.4848484848484849
Spain,Switzerland,0,1,Group stage,2010,0,2.0,1873.013187,19.0,1650.064179,0.4626865671641791,1.611940298507463,1.1194029850746268,0.3414634146341463,1.3414634146341464,1.7804878048780488
South Africa,Uruguay,0,3,Group stage,2010,0,60.0,1428.379282,16.0,1673.068603,0.2222222222222222,1.2222222222222223,1.7777777777777777,0.423728813559322,1.5084745762711864,1.2881355932203389
New Zealand,Slovakia,1,1,Group stage,2010,1,85.0,1275.581062,47.0,1473.660727,0.0,0.6666666666666666,2.333333333333333,0.25,1.25,1.75
Côte d'Ivoire,Portugal,0,0,Group stage,2010,1,33.0,1540.869533,5.0,1766.177547,0.3333333333333333,1.4444444444444444,1.5555555555555556,0.4857142857142857,1.7428571428571429,1.1714285714285717
Brazil,Korea DPR,2,1,Group stage,2010,2,6.0,1765.856297,120.0,1151.052136,0.6666666666666666,2.0789473684210527,0.9473684210526316,0.1428571428571428,0.8571428571428571,3.0
Netherlands,Denmark,2,0,Group stage,2010,2,8.0,1751.097835,21.0,1619.474248,0.5454545454545454,1.7454545454545454,0.9454545454545454,0.391304347826087,1.3478260869565215,1.2608695652173914
Japan,Cameroon,1,0,Group stage,2010,2,18.0,1661.576187,44.0,1481.235245,0.28,1.0,1.32,0.1923076923076923,0.8461538461538461,1.807692307692308
Italy,Paraguay,1,1,Group stage,2010,1,12.0,1704.733836,40.0,1505.349689,0.5421686746987951,1.5421686746987953,0.927710843373494,0.2592592592592592,1.1111111111111112,1.4074074074074074
Algeria,Slovenia,0,1,Group stage,2010,0,28.0,1571.033293,59.0,1441.087158,0.2307692307692307,1.0,1.4615384615384617,0.1666666666666666,0.8333333333333334,1.6666666666666667
Serbia,Ghana,0,1,Group stage,2010,0,43.0,1502.133186,73.0,1346.881205,0.2222222222222222,1.0,1.6666666666666667,0.3333333333333333,1.2,1.5333333333333334
Germany,Australia,4,0,Group stage,2010,2,10.0,1735.771984,27.0,1579.34264,0.6607142857142857,2.25,1.1964285714285714,0.2,0.85,1.85
Korea Republic,Greece,2,0,Group stage,2010,2,25.0,1591.630886,48.0,1473.187305,0.1842105263157894,1.0263157894736843,2.0526315789473686,0.2,0.5,2.0
Argentina,Nigeria,1,0,Group stage,2010,2,1.0,1876.118331,26.0,1586.688586,0.5340909090909091,1.7272727272727273,1.1477272727272727,0.2857142857142857,1.0952380952380951,1.4285714285714286
South Africa,Mexico,1,1,Group stage,2010,1,60.0,1428.379282,14.0,1687.481759,0.2222222222222222,1.2222222222222223,1.7777777777777777,0.2833333333333333,1.0333333333333334,1.6833333333333331
Uruguay,France,0,0,Group stage,2010,1,16.0,1673.068603,3.0,1869.428449,0.423728813559322,1.5084745762711864,1.2881355932203389,0.5342465753424658,1.8630136986301369,1.1643835616438356
Italy,France,1,1,Final,2006,1,12.0,1704.733836,3.0,1869.428449,0.5421686746987951,1.5421686746987953,0.927710843373494,0.5342465753424658,1.8630136986301369,1.1643835616438356
Germany,Portugal,3,1,Third-place match,2006,2,10.0,1735.771984,5.0,1766.177547,0.6607142857142857,2.25,1.1964285714285714,0.4857142857142857,1.7428571428571429,1.1714285714285717
Portugal,France,0,1,Semi-finals,2006,0,5.0,1766.177547,3.0,1869.428449,0.4857142857142857,1.7428571428571429,1.1714285714285717,0.5342465753424658,1.8630136986301369,1.1643835616438356
Germany,Italy,0,2,Semi-finals,2006,0,10.0,1735.771984,12.0,1704.733836,0.6607142857142857,2.25,1.1964285714285714,0.5421686746987951,1.5421686746987953,0.927710843373494
England,Portugal,0,0,Quarter-finals,2006,1,4.0,1827.048678,5.0,1766.177547,0.4324324324324324,1.4054054054054057,0.918918918918919,0.4857142857142857,1.7428571428571429,1.1714285714285717
Brazil,France,0,1,Quarter-finals,2006,0,6.0,1765.856297,3.0,1869.428449,0.6666666666666666,2.0789473684210527,0.9473684210526316,0.5342465753424658,1.8630136986301369,1.1643835616438356
Germany,Argentina,1,1,Quarter-finals,2006,1,10.0,1735.771984,1.0,1876.118331,0.6607142857142857,2.25,1.1964285714285714,0.5340909090909091,1.7272727272727273,1.1477272727272727
Italy,Ukraine,3,0,Quarter-finals,2006,2,12.0,1704.733836,32.0,1549.287173,0.5421686746987951,1.5421686746987953,0.927710843373494,0.4,1.0,1.4
Brazil,Ghana,3,0,Round of 16,2006,2,6.0,1765.856297,73.0,1346.881205,0.6666666666666666,2.0789473684210527,0.9473684210526316,0.3333333333333333,1.2,1.5333333333333334
Spain,France,1,3,Round of 16,2006,0,2.0,1873.013187,3.0,1869.428449,0.4626865671641791,1.611940298507463,1.1194029850746268,0.5342465753424658,1.8630136986301369,1.1643835616438356
Italy,Australia,1,0,Round of 16,2006,2,12.0,1704.733836,27.0,1579.34264,0.5421686746987951,1.5421686746987953,0.927710843373494,0.2,0.85,1.85
Switzerland,Ukraine,0,0,Round of 16,2006,1,19.0,1650.064179,32.0,1549.287173,0.3414634146341463,1.3414634146341464,1.7804878048780488,0.4,1.0,1.4
England,Ecuador,1,0,Round of 16,2006,2,4.0,1827.048678,23.0,1598.51582,0.4324324324324324,1.4054054054054057,0.918918918918919,0.3846153846153846,1.0769230769230769,1.0769230769230769
Portugal,Netherlands,1,0,Round of 16,2006,2,5.0,1766.177547,8.0,1751.097835,0.4857142857142857,1.7428571428571429,1.1714285714285717,0.5454545454545454,1.7454545454545454,0.9454545454545454
Germany,Sweden,2,0,Round of 16,2006,2,10.0,1735.771984,38.0,1509.785392,0.6607142857142857,2.25,1.1964285714285714,0.3725490196078431,1.568627450980392,1.431372549019608
Argentina,Mexico,2,1,Round of 16,2006,2,1.0,1876.118331,14.0,1687.481759,0.5340909090909091,1.7272727272727273,1.1477272727272727,0.2833333333333333,1.0333333333333334,1.6833333333333331
Saudi Arabia,Spain,0,1,Group stage,2006,0,61.0,1421.538339,2.0,1873.013187,0.2105263157894736,0.7368421052631579,2.3157894736842106,0.4626865671641791,1.611940298507463,1.1194029850746268
Ukraine,Tunisia,1,0,Group stage,2006,2,32.0,1549.287173,46.0,1476.405088,0.4,1.0,1.4,0.1666666666666666,0.7777777777777778,1.4444444444444444
Togo,France,0,2,Group stage,2006,0,122.0,1146.703618,3.0,1869.428449,0.0,0.3333333333333333,2.0,0.5342465753424658,1.8630136986301369,1.1643835616438356
Switzerland,Korea Republic,2,0,Group stage,2006,2,19.0,1650.064179,25.0,1591.630886,0.3414634146341463,1.3414634146341464,1.7804878048780488,0.1842105263157894,1.0263157894736843,2.0526315789473686
Japan,Brazil,1,4,Group stage,2006,0,18.0,1661.576187,6.0,1765.856297,0.28,1.0,1.32,0.6666666666666666,2.0789473684210527,0.9473684210526316
Croatia,Australia,2,2,Group stage,2006,1,11.0,1714.865572,27.0,1579.34264,0.4333333333333333,1.4333333333333331,1.1,0.2,0.85,1.85
Portugal,Mexico,2,1,Group stage,2006,2,5.0,1766.177547,14.0,1687.481759,0.4857142857142857,1.7428571428571429,1.1714285714285717,0.2833333333333333,1.0333333333333334,1.6833333333333331
IR Iran,Angola,1,1,Group stage,2006,1,20.0,1619.58163,89.0,1262.219698,0.1666666666666666,0.7222222222222222,1.7222222222222223,0.0,0.3333333333333333,0.6666666666666666
Netherlands,Argentina,0,0,Group stage,2006,1,8.0,1751.097835,1.0,1876.118331,0.5454545454545454,1.7454545454545454,0.9454545454545454,0.5340909090909091,1.7272727272727273,1.1477272727272727
Costa Rica,Poland,1,2,Group stage,2006,0,52.0,1457.00228,36.0,1526.183359,0.2857142857142857,1.0476190476190477,1.8571428571428568,0.4473684210526316,1.2894736842105263,1.3157894736842106
Ecuador,Germany,0,3,Group stage,2006,0,23.0,1598.51582,10.0,1735.771984,0.3846153846153846,1.0769230769230769,1.0769230769230769,0.6607142857142857,2.25,1.1964285714285714
Paraguay,Trinidad and Tobago,2,0,Group stage,2006,2,40.0,1505.349689,103.0,1221.951833,0.2592592592592592,1.1111111111111112,1.4074074074074074,0.0,0.0,1.3333333333333333
Sweden,England,2,2,Group stage,2006,1,38.0,1509.785392,4.0,1827.048678,0.3725490196078431,1.568627450980392,1.431372549019608,0.4324324324324324,1.4054054054054057,0.918918918918919
Togo,Switzerland,0,2,Group stage,2006,0,122.0,1146.703618,19.0,1650.064179,0.0,0.3333333333333333,2.0,0.3414634146341463,1.3414634146341464,1.7804878048780488
Saudi Arabia,Ukraine,0,4,Group stage,2006,0,61.0,1421.538339,32.0,1549.287173,0.2105263157894736,0.7368421052631579,2.3157894736842106,0.4,1.0,1.4
Spain,Tunisia,3,1,Group stage,2006,2,2.0,1873.013187,46.0,1476.405088,0.4626865671641791,1.611940298507463,1.1194029850746268,0.1666666666666666,0.7777777777777778,1.4444444444444444
Japan,Croatia,0,0,Group stage,2006,1,18.0,1661.576187,11.0,1714.865572,0.28,1.0,1.32,0.4333333333333333,1.4333333333333331,1.1
Brazil,Australia,2,0,Group stage,2006,2,6.0,1765.856297,27.0,1579.34264,0.6666666666666666,2.0789473684210527,0.9473684210526316,0.2,0.85,1.85
France,Korea Republic,1,1,Group stage,2006,1,3.0,1869.428449,25.0,1591.630886,0.5342465753424658,1.8630136986301369,1.1643835616438356,0.1842105263157894,1.0263157894736843,2.0526315789473686
Portugal,IR Iran,2,0,Group stage,2006,2,5.0,1766.177547,20.0,1619.58163,0.4857142857142857,1.7428571428571429,1.1714285714285717,0.1666666666666666,0.7222222222222222,1.7222222222222223
Netherlands,Côte d'Ivoire,2,1,Group stage,2006,2,8.0,1751.097835,33.0,1540.869533,0.5454545454545454,1.7454545454545454,0.9454545454545454,0.3333333333333333,1.4444444444444444,1.5555555555555556
Mexico,Angola,0,0,Group stage,2006,1,14.0,1687.481759,89.0,1262.219698,0.2833333333333333,1.0333333333333334,1.6833333333333331,0.0,0.3333333333333333,0.6666666666666666
Ecuador,Costa Rica,3,0,Group stage,2006,2,23.0,1598.51582,52.0,1457.00228,0.3846153846153846,1.0769230769230769,1.0769230769230769,0.2857142857142857,1.0476190476190477,1.8571428571428568
England,Trinidad and Tobago,2,0,Group stage,2006,2,4.0,1827.048678,103.0,1221.951833,0.4324324324324324,1.4054054054054057,0.918918918918919,0.0,0.0,1.3333333333333333
Sweden,Paraguay,1,0,Group stage,2006,2,38.0,1509.785392,40.0,1505.349689,0.3725490196078431,1.568627450980392,1.431372549019608,0.2592592592592592,1.1111111111111112,1.4074074074074074
Spain,Ukraine,4,0,Group stage,2006,2,2.0,1873.013187,32.0,1549.287173,0.4626865671641791,1.611940298507463,1.1194029850746268,0.4,1.0,1.4
Tunisia,Saudi Arabia,2,2,Group stage,2006,1,46.0,1476.405088,61.0,1421.538339,0.1666666666666666,0.7777777777777778,1.4444444444444444,0.2105263157894736,0.7368421052631579,2.3157894736842106
Germany,Poland,1,0,Group stage,2006,2,10.0,1735.771984,36.0,1526.183359,0.6607142857142857,2.25,1.1964285714285714,0.4473684210526316,1.2894736842105263,1.3157894736842106
Korea Republic,Togo,2,1,Group stage,2006,2,25.0,1591.630886,122.0,1146.703618,0.1842105263157894,1.0263157894736843,2.0526315789473686,0.0,0.3333333333333333,2.0
France,Switzerland,0,0,Group stage,2006,1,3.0,1869.428449,19.0,1650.064179,0.5342465753424658,1.8630136986301369,1.1643835616438356,0.3414634146341463,1.3414634146341464,1.7804878048780488
Brazil,Croatia,1,0,Group stage,2006,2,6.0,1765.856297,11.0,1714.865572,0.6666666666666666,2.0789473684210527,0.9473684210526316,0.4333333333333333,1.4333333333333331,1.1
Australia,Japan,3,1,Group stage,2006,2,27.0,1579.34264,18.0,1661.576187,0.2,0.85,1.85,0.28,1.0,1.32
Italy,Ghana,2,0,Group stage,2006,2,12.0,1704.733836,73.0,1346.881205,0.5421686746987951,1.5421686746987953,0.927710843373494,0.3333333333333333,1.2,1.5333333333333334
Mexico,IR Iran,3,1,Group stage,2006,2,14.0,1687.481759,20.0,1619.58163,0.2833333333333333,1.0333333333333334,1.6833333333333331,0.1666666666666666,0.7222222222222222,1.7222222222222223
Angola,Portugal,0,1,Group stage,2006,0,89.0,1262.219698,5.0,1766.177547,0.0,0.3333333333333333,0.6666666666666666,0.4857142857142857,1.7428571428571429,1.1714285714285717
England,Paraguay,1,0,Group stage,2006,2,4.0,1827.048678,40.0,1505.349689,0.4324324324324324,1.4054054054054057,0.918918918918919,0.2592592592592592,1.1111111111111112,1.4074074074074074
Trinidad and Tobago,Sweden,0,0,Group stage,2006,1,103.0,1221.951833,38.0,1509.785392,0.0,0.0,1.3333333333333333,0.3725490196078431,1.568627450980392,1.431372549019608
Argentina,Côte d'Ivoire,2,1,Group stage,2006,2,1.0,1876.118331,33.0,1540.869533,0.5340909090909091,1.7272727272727273,1.1477272727272727,0.3333333333333333,1.4444444444444444,1.5555555555555556
Germany,Costa Rica,4,2,Group stage,2006,2,10.0,1735.771984,52.0,1457.00228,0.6607142857142857,2.25,1.1964285714285714,0.2857142857142857,1.0476190476190477,1.8571428571428568
Poland,Ecuador,0,2,Group stage,2006,0,36.0,1526.183359,23.0,1598.51582,0.4473684210526316,1.2894736842105263,1.3157894736842106,0.3846153846153846,1.0769230769230769,1.0769230769230769
Germany,Brazil,0,2,Final,2002,0,10.0,1735.771984,6.0,1765.856297,0.6607142857142857,2.25,1.1964285714285714,0.6666666666666666,2.0789473684210527,0.9473684210526316
Korea Republic,Türkiye,2,3,Third-place match,2002,0,25.0,1591.630886,22.0,1605.730921,0.1842105263157894,1.0263157894736843,2.0526315789473686,0.5,2.0,1.7
Brazil,Türkiye,1,0,Semi-finals,2002,2,6.0,1765.856297,22.0,1605.730921,0.6666666666666666,2.0789473684210527,0.9473684210526316,0.5,2.0,1.7
Germany,Korea Republic,1,0,Semi-finals,2002,2,10.0,1735.771984,25.0,1591.630886,0.6607142857142857,2.25,1.1964285714285714,0.1842105263157894,1.0263157894736843,2.0526315789473686
Spain,Korea Republic,0,0,Quarter-finals,2002,1,2.0,1873.013187,25.0,1591.630886,0.4626865671641791,1.611940298507463,1.1194029850746268,0.1842105263157894,1.0263157894736843,2.0526315789473686
Senegal,Türkiye,0,1,Quarter-finals,2002,0,15.0,1686.412769,22.0,1605.730921,0.4166666666666667,1.3333333333333333,1.4166666666666667,0.5,2.0,1.7
England,Brazil,1,2,Quarter-finals,2002,0,4.0,1827.048678,6.0,1765.856297,0.4324324324324324,1.4054054054054057,0.918918918918919,0.6666666666666666,2.0789473684210527,0.9473684210526316
Japan,Türkiye,0,1,Round of 16,2002,0,18.0,1661.576187,22.0,1605.730921,0.28,1.0,1.32,0.5,2.0,1.7
Korea Republic,Italy,2,1,Round of 16,2002,2,25.0,1591.630886,12.0,1704.733836,0.1842105263157894,1.0263157894736843,2.0526315789473686,0.5421686746987951,1.5421686746987953,0.927710843373494
Brazil,Belgium,2,0,Round of 16,2002,2,6.0,1765.856297,9.0,1742.235945,0.6666666666666666,2.0789473684210527,0.9473684210526316,0.4117647058823529,1.3529411764705883,1.4509803921568627
Sweden,Senegal,1,2,Round of 16,2002,0,38.0,1509.785392,15.0,1686.412769,0.3725490196078431,1.568627450980392,1.431372549019608,0.4166666666666667,1.3333333333333333,1.4166666666666667
Spain,Republic of Ireland,1,1,Round of 16,2002,1,2.0,1873.013187,58.0,1441.096901,0.4626865671641791,1.611940298507463,1.1194029850746268,0.1538461538461538,0.7692307692307693,0.7692307692307693
Germany,Paraguay,1,0,Round of 16,2002,2,10.0,1735.771984,40.0,1505.349689,0.6607142857142857,2.25,1.1964285714285714,0.2592592592592592,1.1111111111111112,1.4074074074074074
Denmark,England,0,3,Round of 16,2002,0,21.0,1619.474248,4.0,1827.048678,0.391304347826087,1.3478260869565215,1.2608695652173914,0.4324324324324324,1.4054054054054057,0.918918918918919
Tunisia,Japan,0,2,Group stage,2002,0,46.0,1476.405088,18.0,1661.576187,0.1666666666666666,0.7777777777777778,1.4444444444444444,0.28,1.0,1.32
Belgium,Russia,3,2,Group stage,2002,2,9.0,1742.235945,35.0,1527.237131,0.4117647058823529,1.3529411764705883,1.4509803921568627,0.2857142857142857,1.7142857142857142,1.4285714285714286
Portugal,Korea Republic,0,1,Group stage,2002,0,5.0,1766.177547,25.0,1591.630886,0.4857142857142857,1.7428571428571429,1.1714285714285717,0.1842105263157894,1.0263157894736843,2.0526315789473686
Costa Rica,Brazil,2,5,Group stage,2002,0,52.0,1457.00228,6.0,1765.856297,0.2857142857142857,1.0476190476190477,1.8571428571428568,0.6666666666666666,2.0789473684210527,0.9473684210526316
Türkiye,China PR,3,0,Group stage,2002,2,22.0,1605.730921,92.0,1254.848285,0.5,2.0,1.7,0.0,0.0,3.0
Mexico,Italy,1,1,Group stage,2002,1,14.0,1687.481759,12.0,1704.733836,0.2833333333333333,1.0333333333333334,1.6833333333333331,0.5421686746987951,1.5421686746987953,0.927710843373494
Ecuador,Croatia,1,0,Group stage,2002,2,23.0,1598.51582,11.0,1714.865572,0.3846153846153846,1.0769230769230769,1.0769230769230769,0.4333333333333333,1.4333333333333331,1.1
Sweden,Argentina,1,1,Group stage,2002,1,38.0,1509.785392,1.0,1876.118331,0.3725490196078431,1.568627450980392,1.431372549019608,0.5340909090909091,1.7272727272727273,1.1477272727272727
Nigeria,England,0,0,Group stage,2002,1,26.0,1586.688586,4.0,1827.048678,0.2857142857142857,1.0952380952380951,1.4285714285714286,0.4324324324324324,1.4054054054054057,0.918918918918919
South Africa,Spain,2,3,Group stage,2002,0,60.0,1428.379282,2.0,1873.013187,0.2222222222222222,1.2222222222222223,1.7777777777777777,0.4626865671641791,1.611940298507463,1.1194029850746268
Slovenia,Paraguay,1,3,Group stage,2002,0,59.0,1441.087158,40.0,1505.349689,0.1666666666666666,0.8333333333333334,1.6666666666666667,0.2592592592592592,1.1111111111111112,1.4074074074074074
Denmark,France,2,0,Group stage,2002,2,21.0,1619.474248,3.0,1869.428449,0.391304347826087,1.3478260869565215,1.2608695652173914,0.5342465753424658,1.8630136986301369,1.1643835616438356
Senegal,Uruguay,3,3,Group stage,2002,1,15.0,1686.412769,16.0,1673.068603,0.4166666666666667,1.3333333333333333,1.4166666666666667,0.423728813559322,1.5084745762711864,1.2881355932203389
Saudi Arabia,Republic of Ireland,0,3,Group stage,2002,0,61.0,1421.538339,58.0,1441.096901,0.2105263157894736,0.7368421052631579,2.3157894736842106,0.1538461538461538,0.7692307692307693,0.7692307692307693
Cameroon,Germany,0,2,Group stage,2002,0,44.0,1481.235245,10.0,1735.771984,0.1923076923076923,0.8461538461538461,1.807692307692308,0.6607142857142857,2.25,1.1964285714285714
Tunisia,Belgium,1,1,Group stage,2002,1,46.0,1476.405088,9.0,1742.235945,0.1666666666666666,0.7777777777777778,1.4444444444444444,0.4117647058823529,1.3529411764705883,1.4509803921568627
Portugal,Poland,4,0,Group stage,2002,2,5.0,1766.177547,36.0,1526.183359,0.4857142857142857,1.7428571428571429,1.1714285714285717,0.4473684210526316,1.2894736842105263,1.3157894736842106
Mexico,Ecuador,2,1,Group stage,2002,2,14.0,1687.481759,23.0,1598.51582,0.2833333333333333,1.0333333333333334,1.6833333333333331,0.3846153846153846,1.0769230769230769,1.0769230769230769
Costa Rica,Türkiye,1,1,Group stage,2002,1,52.0,1457.00228,22.0,1605.730921,0.2857142857142857,1.0476190476190477,1.8571428571428568,0.5,2.0,1.7
Japan,Russia,1,0,Group stage,2002,2,18.0,1661.576187,35.0,1527.237131,0.28,1.0,1.32,0.2857142857142857,1.7142857142857142,1.4285714285714286
South Africa,Slovenia,1,0,Group stage,2002,2,60.0,1428.379282,59.0,1441.087158,0.2222222222222222,1.2222222222222223,1.7777777777777777,0.1666666666666666,0.8333333333333334,1.6666666666666667
Italy,Croatia,1,2,Group stage,2002,0,12.0,1704.733836,11.0,1714.865572,0.5421686746987951,1.5421686746987953,0.927710843373494,0.4333333333333333,1.4333333333333331,1.1
Brazil,China PR,4,0,Group stage,2002,2,6.0,1765.856297,92.0,1254.848285,0.6666666666666666,2.0789473684210527,0.9473684210526316,0.0,0.0,3.0
Sweden,Nigeria,2,1,Group stage,2002,2,38.0,1509.785392,26.0,1586.688586,0.3725490196078431,1.568627450980392,1.431372549019608,0.2857142857142857,1.0952380952380951,1.4285714285714286
Spain,Paraguay,3,1,Group stage,2002,2,2.0,1873.013187,40.0,1505.349689,0.4626865671641791,1.611940298507463,1.1194029850746268,0.2592592592592592,1.1111111111111112,1.4074074074074074
Argentina,England,0,1,Group stage,2002,0,1.0,1876.118331,4.0,1827.048678,0.5340909090909091,1.7272727272727273,1.1477272727272727,0.4324324324324324,1.4054054054054057,0.918918918918919
Denmark,Senegal,1,1,Group stage,2002,1,21.0,1619.474248,15.0,1686.412769,0.391304347826087,1.3478260869565215,1.2608695652173914,0.4166666666666667,1.3333333333333333,1.4166666666666667
Cameroon,Saudi Arabia,1,0,Group stage,2002,2,44.0,1481.235245,61.0,1421.538339,0.1923076923076923,0.8461538461538461,1.807692307692308,0.2105263157894736,0.7368421052631579,2.3157894736842106
France,Uruguay,0,0,Group stage,2002,1,3.0,1869.428449,16.0,1673.068603,0.5342465753424658,1.8630136986301369,1.1643835616438356,0.423728813559322,1.5084745762711864,1.2881355932203389
Russia,Tunisia,2,0,Group stage,2002,2,35.0,1527.237131,46.0,1476.405088,0.2857142857142857,1.7142857142857142,1.4285714285714286,0.1666666666666666,0.7777777777777778,1.4444444444444444
Germany,Republic of Ireland,1,1,Group stage,2002,1,10.0,1735.771984,58.0,1441.096901,0.6607142857142857,2.25,1.1964285714285714,0.1538461538461538,0.7692307692307693,0.7692307692307693
China PR,Costa Rica,0,2,Group stage,2002,0,92.0,1254.848285,52.0,1457.00228,0.0,0.0,3.0,0.2857142857142857,1.0476190476190477,1.8571428571428568
Japan,Belgium,2,2,Group stage,2002,1,18.0,1661.576187,9.0,1742.235945,0.28,1.0,1.32,0.4117647058823529,1.3529411764705883,1.4509803921568627
Korea Republic,Poland,2,0,Group stage,2002,2,25.0,1591.630886,36.0,1526.183359,0.1842105263157894,1.0263157894736843,2.0526315789473686,0.4473684210526316,1.2894736842105263,1.3157894736842106
Croatia,Mexico,0,1,Group stage,2002,0,11.0,1714.865572,14.0,1687.481759,0.4333333333333333,1.4333333333333331,1.1,0.2833333333333333,1.0333333333333334,1.6833333333333331
Brazil,Türkiye,2,1,Group stage,2002,2,6.0,1765.856297,22.0,1605.730921,0.6666666666666666,2.0789473684210527,0.9473684210526316,0.5,2.0,1.7
Italy,Ecuador,2,0,Group stage,2002,2,12.0,1704.733836,23.0,1598.51582,0.5421686746987951,1.5421686746987953,0.927710843373494,0.3846153846153846,1.0769230769230769,1.0769230769230769
Argentina,Nigeria,1,0,Group stage,2002,2,1.0,1876.118331,26.0,1586.688586,0.5340909090909091,1.7272727272727273,1.1477272727272727,0.2857142857142857,1.0952380952380951,1.4285714285714286
Paraguay,South Africa,2,2,Group stage,2002,1,40.0,1505.349689,60.0,1428.379282,0.2592592592592592,1.1111111111111112,1.4074074074074074,0.2222222222222222,1.2222222222222223,1.7777777777777777
England,Sweden,1,1,Group stage,2002,1,4.0,1827.048678,38.0,1509.785392,0.4324324324324324,1.4054054054054057,0.918918918918919,0.3725490196078431,1.568627450980392,1.431372549019608
Spain,Slovenia,3,1,Group stage,2002,2,2.0,1873.013187,59.0,1441.087158,0.4626865671641791,1.611940298507463,1.1194029850746268,0.1666666666666666,0.8333333333333334,1.6666666666666667
Republic of Ireland,Cameroon,1,1,Group stage,2002,1,58.0,1441.096901,44.0,1481.235245,0.1538461538461538,0.7692307692307693,0.7692307692307693,0.1923076923076923,0.8461538461538461,1.807692307692308
Uruguay,Denmark,1,2,Group stage,2002,0,16.0,1673.068603,21.0,1619.474248,0.423728813559322,1.5084745762711864,1.2881355932203389,0.391304347826087,1.3478260869565215,1.2608695652173914
Germany,Saudi Arabia,8,0,Group stage,2002,2,10.0,1735.771984,61.0,1421.538339,0.6607142857142857,2.25,1.1964285714285714,0.2105263157894736,0.7368421052631579,2.3157894736842106
France,Senegal,0,1,Group stage,2002,0,3.0,1869.428449,15.0,1686.412769,0.5342465753424658,1.8630136986301369,1.1643835616438356,0.4166666666666667,1.3333333333333333,1.4166666666666667
Brazil,France,0,3,Final,1998,0,6.0,1765.856297,3.0,1869.428449,0.6666666666666666,2.0789473684210527,0.9473684210526316,0.5342465753424658,1.8630136986301369,1.1643835616438356
Netherlands,Croatia,1,2,Third-place match,1998,0,8.0,1751.097835,11.0,1714.865572,0.5454545454545454,1.7454545454545454,0.9454545454545454,0.4333333333333333,1.4333333333333331,1.1
France,Croatia,2,1,Semi-finals,1998,2,3.0,1869.428449,11.0,1714.865572,0.5342465753424658,1.8630136986301369,1.1643835616438356,0.4333333333333333,1.4333333333333331,1.1
Brazil,Netherlands,1,1,Semi-finals,1998,1,6.0,1765.856297,8.0,1751.097835,0.6666666666666666,2.0789473684210527,0.9473684210526316,0.5454545454545454,1.7454545454545454,0.9454545454545454
Netherlands,Argentina,2,1,Quarter-finals,1998,2,8.0,1751.097835,1.0,1876.118331,0.5454545454545454,1.7454545454545454,0.9454545454545454,0.5340909090909091,1.7272727272727273,1.1477272727272727
Germany,Croatia,0,3,Quarter-finals,1998,0,10.0,1735.771984,11.0,1714.865572,0.6607142857142857,2.25,1.1964285714285714,0.4333333333333333,1.4333333333333331,1.1
Italy,France,0,0,Quarter-finals,1998,1,12.0,1704.733836,3.0,1869.428449,0.5421686746987951,1.5421686746987953,0.927710843373494,0.5342465753424658,1.8630136986301369,1.1643835616438356
Brazil,Denmark,3,2,Quarter-finals,1998,2,6.0,1765.856297,21.0,1619.474248,0.6666666666666666,2.0789473684210527,0.9473684210526316,0.391304347826087,1.3478260869565215,1.2608695652173914
Romania,Croatia,0,1,Round of 16,1998,0,53.0,1455.894657,11.0,1714.865572,0.3809523809523809,1.4285714285714286,1.5238095238095235,0.4333333333333333,1.4333333333333331,1.1
Argentina,England,2,2,Round of 16,1998,1,1.0,1876.118331,4.0,1827.048678,0.5340909090909091,1.7272727272727273,1.1477272727272727,0.4324324324324324,1.4054054054054057,0.918918918918919
Germany,Mexico,2,1,Round of 16,1998,2,10.0,1735.771984,14.0,1687.481759,0.6607142857142857,2.25,1.1964285714285714,0.2833333333333333,1.0333333333333334,1.6833333333333331
France,Paraguay,1,0,Round of 16,1998,2,3.0,1869.428449,40.0,1505.349689,0.5342465753424658,1.8630136986301369,1.1643835616438356,0.2592592592592592,1.1111111111111112,1.4074074074074074
Nigeria,Denmark,1,4,Round of 16,1998,0,26.0,1586.688586,21.0,1619.474248,0.2857142857142857,1.0952380952380951,1.4285714285714286,0.391304347826087,1.3478260869565215,1.2608695652173914
Italy,Norway,1,0,Round of 16,1998,2,12.0,1704.733836,31.0,1557.437664,0.5421686746987951,1.5421686746987953,0.927710843373494,0.25,0.875,1.0
Brazil,Chile,4,1,Round of 16,1998,2,6.0,1765.856297,55.0,1452.939983,0.6666666666666666,2.0789473684210527,0.9473684210526316,0.3333333333333333,1.2121212121212122,1.4848484848484849
Argentina,Croatia,1,0,Group stage,1998,2,1.0,1876.118331,11.0,1714.865572,0.5340909090909091,1.7272727272727273,1.1477272727272727,0.4333333333333333,1.4333333333333331,1.1
Japan,Jamaica,1,2,Group stage,1998,0,18.0,1661.576187,71.0,1357.840144,0.28,1.0,1.32,0.3333333333333333,1.0,3.0
Romania,Tunisia,1,1,Group stage,1998,1,53.0,1455.894657,46.0,1476.405088,0.3809523809523809,1.4285714285714286,1.5238095238095235,0.1666666666666666,0.7777777777777778,1.4444444444444444
Colombia,England,0,2,Group stage,1998,0,13.0,1698.351858,4.0,1827.048678,0.4090909090909091,1.4545454545454546,1.3636363636363635,0.4324324324324324,1.4054054054054057,0.918918918918919
Netherlands,Mexico,2,2,Group stage,1998,1,8.0,1751.097835,14.0,1687.481759,0.5454545454545454,1.7454545454545454,0.9454545454545454,0.2833333333333333,1.0333333333333334,1.6833333333333331
Belgium,Korea Republic,1,1,Group stage,1998,1,9.0,1742.235945,25.0,1591.630886,0.4117647058823529,1.3529411764705883,1.4509803921568627,0.1842105263157894,1.0263157894736843,2.0526315789473686
Germany,IR Iran,2,0,Group stage,1998,2,10.0,1735.771984,20.0,1619.58163,0.6607142857142857,2.25,1.1964285714285714,0.1666666666666666,0.7222222222222222,1.7222222222222223
South Africa,Saudi Arabia,2,2,Group stage,1998,1,60.0,1428.379282,61.0,1421.538339,0.2222222222222222,1.2222222222222223,1.7777777777777777,0.2105263157894736,0.7368421052631579,2.3157894736842106
France,Denmark,2,1,Group stage,1998,2,3.0,1869.428449,21.0,1619.474248,0.5342465753424658,1.8630136986301369,1.1643835616438356,0.391304347826087,1.3478260869565215,1.2608695652173914
Spain,Bulgaria,6,1,Group stage,1998,2,2.0,1873.013187,87.0,1271.683325,0.4626865671641791,1.611940298507463,1.1194029850746268,0.1153846153846153,0.8461538461538461,2.0384615384615383
Nigeria,Paraguay,1,3,Group stage,1998,0,26.0,1586.688586,40.0,1505.349689,0.2857142857142857,1.0952380952380951,1.4285714285714286,0.2592592592592592,1.1111111111111112,1.4074074074074074
Italy,Austria,2,1,Group stage,1998,2,12.0,1704.733836,24.0,1597.404087,0.5421686746987951,1.5421686746987953,0.927710843373494,0.4137931034482758,1.4827586206896552,1.6206896551724137
Chile,Cameroon,1,1,Group stage,1998,1,55.0,1452.939983,44.0,1481.235245,0.3333333333333333,1.2121212121212122,1.4848484848484849,0.1923076923076923,0.8461538461538461,1.807692307692308
Brazil,Norway,1,2,Group stage,1998,0,6.0,1765.856297,31.0,1557.437664,0.6666666666666666,2.0789473684210527,0.9473684210526316,0.25,0.875,1.0
Scotland,Morocco,0,3,Group stage,1998,0,42.0,1503.34027,7.0,1755.100232,0.1739130434782608,1.0869565217391304,1.7826086956521738,0.217391304347826,0.8695652173913043,1.173913043478261
Colombia,Tunisia,1,0,Group stage,1998,2,13.0,1698.351858,46.0,1476.405088,0.4090909090909091,1.4545454545454546,1.3636363636363635,0.1666666666666666,0.7777777777777778,1.4444444444444444
Romania,England,2,1,Group stage,1998,2,53.0,1455.894657,4.0,1827.048678,0.3809523809523809,1.4285714285714286,1.5238095238095235,0.4324324324324324,1.4054054054054057,0.918918918918919
Argentina,Jamaica,5,0,Group stage,1998,2,1.0,1876.118331,71.0,1357.840144,0.5340909090909091,1.7272727272727273,1.1477272727272727,0.3333333333333333,1.0,3.0
Japan,Croatia,0,1,Group stage,1998,0,18.0,1661.576187,11.0,1714.865572,0.28,1.0,1.32,0.4333333333333333,1.4333333333333331,1.1
Belgium,Mexico,2,2,Group stage,1998,1,9.0,1742.235945,14.0,1687.481759,0.4117647058823529,1.3529411764705883,1.4509803921568627,0.2833333333333333,1.0333333333333334,1.6833333333333331
Netherlands,Korea Republic,5,0,Group stage,1998,2,8.0,1751.097835,25.0,1591.630886,0.5454545454545454,1.7454545454545454,0.9454545454545454,0.1842105263157894,1.0263157894736843,2.0526315789473686
Nigeria,Bulgaria,1,0,Group stage,1998,2,26.0,1586.688586,87.0,1271.683325,0.2857142857142857,1.0952380952380951,1.4285714285714286,0.1153846153846153,0.8461538461538461,2.0384615384615383
Spain,Paraguay,0,0,Group stage,1998,1,2.0,1873.013187,40.0,1505.349689,0.4626865671641791,1.611940298507463,1.1194029850746268,0.2592592592592592,1.1111111111111112,1.4074074074074074
South Africa,Denmark,1,1,Group stage,1998,1,60.0,1428.379282,21.0,1619.474248,0.2222222222222222,1.2222222222222223,1.7777777777777777,0.391304347826087,1.3478260869565215,1.2608695652173914
France,Saudi Arabia,4,0,Group stage,1998,2,3.0,1869.428449,61.0,1421.538339,0.5342465753424658,1.8630136986301369,1.1643835616438356,0.2105263157894736,0.7368421052631579,2.3157894736842106
Chile,Austria,1,1,Group stage,1998,1,55.0,1452.939983,24.0,1597.404087,0.3333333333333333,1.2121212121212122,1.4848484848484849,0.4137931034482758,1.4827586206896552,1.6206896551724137
Italy,Cameroon,3,0,Group stage,1998,2,12.0,1704.733836,44.0,1481.235245,0.5421686746987951,1.5421686746987953,0.927710843373494,0.1923076923076923,0.8461538461538461,1.807692307692308
Scotland,Norway,1,1,Group stage,1998,1,42.0,1503.34027,31.0,1557.437664,0.1739130434782608,1.0869565217391304,1.7826086956521738,0.25,0.875,1.0
Brazil,Morocco,3,0,Group stage,1998,2,6.0,1765.856297,7.0,1755.100232,0.6666666666666666,2.0789473684210527,0.9473684210526316,0.217391304347826,0.8695652173913043,1.173913043478261
England,Tunisia,2,0,Group stage,1998,2,4.0,1827.048678,46.0,1476.405088,0.4324324324324324,1.4054054054054057,0.918918918918919,0.1666666666666666,0.7777777777777778,1.4444444444444444
Romania,Colombia,1,0,Group stage,1998,2,53.0,1455.894657,13.0,1698.351858,0.3809523809523809,1.4285714285714286,1.5238095238095235,0.4090909090909091,1.4545454545454546,1.3636363636363635
Argentina,Japan,1,0,Group stage,1998,2,1.0,1876.118331,18.0,1661.576187,0.5340909090909091,1.7272727272727273,1.1477272727272727,0.28,1.0,1.32
Jamaica,Croatia,1,3,Group stage,1998,0,71.0,1357.840144,11.0,1714.865572,0.3333333333333333,1.0,3.0,0.4333333333333333,1.4333333333333331,1.1
Spain,Nigeria,2,3,Group stage,1998,0,2.0,1873.013187,26.0,1586.688586,0.4626865671641791,1.611940298507463,1.1194029850746268,0.2857142857142857,1.0952380952380951,1.4285714285714286
Korea Republic,Mexico,1,3,Group stage,1998,0,25.0,1591.630886,14.0,1687.481759,0.1842105263157894,1.0263157894736843,2.0526315789473686,0.2833333333333333,1.0333333333333334,1.6833333333333331
Netherlands,Belgium,0,0,Group stage,1998,1,8.0,1751.097835,9.0,1742.235945,0.5454545454545454,1.7454545454545454,0.9454545454545454,0.4117647058823529,1.3529411764705883,1.4509803921568627
Paraguay,Bulgaria,0,0,Group stage,1998,1,40.0,1505.349689,87.0,1271.683325,0.2592592592592592,1.1111111111111112,1.4074074074074074,0.1153846153846153,0.8461538461538461,2.0384615384615383
Saudi Arabia,Denmark,0,1,Group stage,1998,0,61.0,1421.538339,21.0,1619.474248,0.2105263157894736,0.7368421052631579,2.3157894736842106,0.391304347826087,1.3478260869565215,1.2608695652173914
France,South Africa,3,0,Group stage,1998,2,3.0,1869.428449,60.0,1428.379282,0.5342465753424658,1.8630136986301369,1.1643835616438356,0.2222222222222222,1.2222222222222223,1.7777777777777777
Italy,Chile,2,2,Group stage,1998,1,12.0,1704.733836,55.0,1452.939983,0.5421686746987951,1.5421686746987953,0.927710843373494,0.3333333333333333,1.2121212121212122,1.4848484848484849
Cameroon,Austria,1,1,Group stage,1998,1,44.0,1481.235245,24.0,1597.404087,0.1923076923076923,0.8461538461538461,1.807692307692308,0.4137931034482758,1.4827586206896552,1.6206896551724137
Brazil,Scotland,2,1,Group stage,1998,2,6.0,1765.856297,42.0,1503.34027,0.6666666666666666,2.0789473684210527,0.9473684210526316,0.1739130434782608,1.0869565217391304,1.7826086956521738
Morocco,Norway,2,2,Group stage,1998,1,7.0,1755.100232,31.0,1557.437664,0.217391304347826,0.8695652173913043,1.173913043478261,0.25,0.875,1.0
Brazil,Italy,0,0,Final,1994,1,6.0,1765.856297,12.0,1704.733836,0.6666666666666666,2.0789473684210527,0.9473684210526316,0.5421686746987951,1.5421686746987953,0.927710843373494
Sweden,Bulgaria,4,0,Third-place match,1994,2,38.0,1509.785392,87.0,1271.683325,0.3725490196078431,1.568627450980392,1.431372549019608,0.1153846153846153,0.8461538461538461,2.0384615384615383
Bulgaria,Italy,1,2,Semi-finals,1994,0,87.0,1271.683325,12.0,1704.733836,0.1153846153846153,0.8461538461538461,2.0384615384615383,0.5421686746987951,1.5421686746987953,0.927710843373494
Sweden,Brazil,0,1,Semi-finals,1994,0,38.0,1509.785392,6.0,1765.856297,0.3725490196078431,1.568627450980392,1.431372549019608,0.6666666666666666,2.0789473684210527,0.9473684210526316
Bulgaria,Germany,2,1,Quarter-finals,1994,2,87.0,1271.683325,10.0,1735.771984,0.1153846153846153,0.8461538461538461,2.0384615384615383,0.6607142857142857,2.25,1.1964285714285714
Romania,Sweden,2,2,Quarter-finals,1994,1,53.0,1455.894657,38.0,1509.785392,0.3809523809523809,1.4285714285714286,1.5238095238095235,0.3725490196078431,1.568627450980392,1.431372549019608
Italy,Spain,2,1,Quarter-finals,1994,2,12.0,1704.733836,2.0,1873.013187,0.5421686746987951,1.5421686746987953,0.927710843373494,0.4626865671641791,1.611940298507463,1.1194029850746268
Netherlands,Brazil,2,3,Quarter-finals,1994,0,8.0,1751.097835,6.0,1765.856297,0.5454545454545454,1.7454545454545454,0.9454545454545454,0.6666666666666666,2.0789473684210527,0.9473684210526316
Nigeria,Italy,1,2,Round of 16,1994,0,26.0,1586.688586,12.0,1704.733836,0.2857142857142857,1.0952380952380951,1.4285714285714286,0.5421686746987951,1.5421686746987953,0.927710843373494
Mexico,Bulgaria,1,1,Round of 16,1994,1,14.0,1687.481759,87.0,1271.683325,0.2833333333333333,1.0333333333333334,1.6833333333333331,0.1153846153846153,0.8461538461538461,2.0384615384615383
Netherlands,Republic of Ireland,2,0,Round of 16,1994,2,8.0,1751.097835,58.0,1441.096901,0.5454545454545454,1.7454545454545454,0.9454545454545454,0.1538461538461538,0.7692307692307693,0.7692307692307693
Saudi Arabia,Sweden,1,3,Round of 16,1994,0,61.0,1421.538339,38.0,1509.785392,0.2105263157894736,0.7368421052631579,2.3157894736842106,0.3725490196078431,1.568627450980392,1.431372549019608
Romania,Argentina,3,2,Round of 16,1994,2,53.0,1455.894657,1.0,1876.118331,0.3809523809523809,1.4285714285714286,1.5238095238095235,0.5340909090909091,1.7272727272727273,1.1477272727272727
Germany,Belgium,3,2,Round of 16,1994,2,10.0,1735.771984,9.0,1742.235945,0.6607142857142857,2.25,1.1964285714285714,0.4117647058823529,1.3529411764705883,1.4509803921568627
Spain,Switzerland,3,0,Round of 16,1994,2,2.0,1873.013187,19.0,1650.064179,0.4626865671641791,1.611940298507463,1.1194029850746268,0.3414634146341463,1.3414634146341464,1.7804878048780488
Greece,Nigeria,0,2,Group stage,1994,0,48.0,1473.187305,26.0,1586.688586,0.2,0.5,2.0,0.2857142857142857,1.0952380952380951,1.4285714285714286
Argentina,Bulgaria,0,2,Group stage,1994,0,1.0,1876.118331,87.0,1271.683325,0.5340909090909091,1.7272727272727273,1.1477272727272727,0.1153846153846153,0.8461538461538461,2.0384615384615383
Morocco,Netherlands,1,2,Group stage,1994,0,7.0,1755.100232,8.0,1751.097835,0.217391304347826,0.8695652173913043,1.173913043478261,0.5454545454545454,1.7454545454545454,0.9454545454545454
Belgium,Saudi Arabia,0,1,Group stage,1994,0,9.0,1742.235945,61.0,1421.538339,0.4117647058823529,1.3529411764705883,1.4509803921568627,0.2105263157894736,0.7368421052631579,2.3157894736842106
Italy,Mexico,1,1,Group stage,1994,1,12.0,1704.733836,14.0,1687.481759,0.5421686746987951,1.5421686746987953,0.927710843373494,0.2833333333333333,1.0333333333333334,1.6833333333333331
Republic of Ireland,Norway,0,0,Group stage,1994,1,58.0,1441.096901,31.0,1557.437664,0.1538461538461538,0.7692307692307693,0.7692307692307693,0.25,0.875,1.0
Russia,Cameroon,6,1,Group stage,1994,2,35.0,1527.237131,44.0,1481.235245,0.2857142857142857,1.7142857142857142,1.4285714285714286,0.1923076923076923,0.8461538461538461,1.807692307692308
Brazil,Sweden,1,1,Group stage,1994,1,6.0,1765.856297,38.0,1509.785392,0.6666666666666666,2.0789473684210527,0.9473684210526316,0.3725490196078431,1.568627450980392,1.431372549019608
Germany,Korea Republic,3,2,Group stage,1994,2,10.0,1735.771984,25.0,1591.630886,0.6607142857142857,2.25,1.1964285714285714,0.1842105263157894,1.0263157894736843,2.0526315789473686
Bolivia,Spain,1,3,Group stage,1994,0,77.0,1325.995377,2.0,1873.013187,0.0,0.1666666666666666,3.333333333333333,0.4626865671641791,1.611940298507463,1.1194029850746268
Bulgaria,Greece,4,0,Group stage,1994,2,87.0,1271.683325,48.0,1473.187305,0.1153846153846153,0.8461538461538461,2.0384615384615383,0.2,0.5,2.0
Switzerland,Colombia,0,2,Group stage,1994,0,19.0,1650.064179,13.0,1698.351858,0.3414634146341463,1.3414634146341464,1.7804878048780488,0.4090909090909091,1.4545454545454546,1.3636363636363635
Belgium,Netherlands,1,0,Group stage,1994,2,9.0,1742.235945,8.0,1751.097835,0.4117647058823529,1.3529411764705883,1.4509803921568627,0.5454545454545454,1.7454545454545454,0.9454545454545454
Saudi Arabia,Morocco,2,1,Group stage,1994,2,61.0,1421.538339,7.0,1755.100232,0.2105263157894736,0.7368421052631579,2.3157894736842106,0.217391304347826,0.8695652173913043,1.173913043478261
Argentina,Nigeria,2,1,Group stage,1994,2,1.0,1876.118331,26.0,1586.688586,0.5340909090909091,1.7272727272727273,1.1477272727272727,0.2857142857142857,1.0952380952380951,1.4285714285714286
Mexico,Republic of Ireland,2,1,Group stage,1994,2,14.0,1687.481759,58.0,1441.096901,0.2833333333333333,1.0333333333333334,1.6833333333333331,0.1538461538461538,0.7692307692307693,0.7692307692307693
Brazil,Cameroon,3,0,Group stage,1994,2,6.0,1765.856297,44.0,1481.235245,0.6666666666666666,2.0789473684210527,0.9473684210526316,0.1923076923076923,0.8461538461538461,1.807692307692308
Sweden,Russia,3,1,Group stage,1994,2,38.0,1509.785392,35.0,1527.237131,0.3725490196078431,1.568627450980392,1.431372549019608,0.2857142857142857,1.7142857142857142,1.4285714285714286
Italy,Norway,1,0,Group stage,1994,2,12.0,1704.733836,31.0,1557.437664,0.5421686746987951,1.5421686746987953,0.927710843373494,0.25,0.875,1.0
Korea Republic,Bolivia,0,0,Group stage,1994,1,25.0,1591.630886,77.0,1325.995377,0.1842105263157894,1.0263157894736843,2.0526315789473686,0.0,0.1666666666666666,3.333333333333333
Romania,Switzerland,1,4,Group stage,1994,0,53.0,1455.894657,19.0,1650.064179,0.3809523809523809,1.4285714285714286,1.5238095238095235,0.3414634146341463,1.3414634146341464,1.7804878048780488
Argentina,Greece,4,0,Group stage,1994,2,1.0,1876.118331,48.0,1473.187305,0.5340909090909091,1.7272727272727273,1.1477272727272727,0.2,0.5,2.0
Germany,Spain,1,1,Group stage,1994,1,10.0,1735.771984,2.0,1873.013187,0.6607142857142857,2.25,1.1964285714285714,0.4626865671641791,1.611940298507463,1.1194029850746268
Nigeria,Bulgaria,3,0,Group stage,1994,2,26.0,1586.688586,87.0,1271.683325,0.2857142857142857,1.0952380952380951,1.4285714285714286,0.1153846153846153,0.8461538461538461,2.0384615384615383
Brazil,Russia,2,0,Group stage,1994,2,6.0,1765.856297,35.0,1527.237131,0.6666666666666666,2.0789473684210527,0.9473684210526316,0.2857142857142857,1.7142857142857142,1.4285714285714286
Netherlands,Saudi Arabia,2,1,Group stage,1994,2,8.0,1751.097835,61.0,1421.538339,0.5454545454545454,1.7454545454545454,0.9454545454545454,0.2105263157894736,0.7368421052631579,2.3157894736842106
Belgium,Morocco,1,0,Group stage,1994,2,9.0,1742.235945,7.0,1755.100232,0.4117647058823529,1.3529411764705883,1.4509803921568627,0.217391304347826,0.8695652173913043,1.173913043478261
Norway,Mexico,1,0,Group stage,1994,2,31.0,1557.437664,14.0,1687.481759,0.25,0.875,1.0,0.2833333333333333,1.0333333333333334,1.6833333333333331
Cameroon,Sweden,2,2,Group stage,1994,1,44.0,1481.235245,38.0,1509.785392,0.1923076923076923,0.8461538461538461,1.807692307692308,0.3725490196078431,1.568627450980392,1.431372549019608
Italy,Republic of Ireland,0,1,Group stage,1994,0,12.0,1704.733836,58.0,1441.096901,0.5421686746987951,1.5421686746987953,0.927710843373494,0.1538461538461538,0.7692307692307693,0.7692307692307693
Colombia,Romania,1,3,Group stage,1994,0,13.0,1698.351858,53.0,1455.894657,0.4090909090909091,1.4545454545454546,1.3636363636363635,0.3809523809523809,1.4285714285714286,1.5238095238095235
Germany,Bolivia,1,0,Group stage,1994,2,10.0,1735.771984,77.0,1325.995377,0.6607142857142857,2.25,1.1964285714285714,0.0,0.1666666666666666,3.333333333333333
Spain,Korea Republic,2,2,Group stage,1994,1,2.0,1873.013187,25.0,1591.630886,0.4626865671641791,1.611940298507463,1.1194029850746268,0.1842105263157894,1.0263157894736843,2.0526315789473686
Italy,England,2,1,Third-place match,1990,2,12.0,1704.733836,4.0,1827.048678,0.5421686746987951,1.5421686746987953,0.927710843373494,0.4324324324324324,1.4054054054054057,0.918918918918919
Italy,Argentina,1,1,Semi-finals,1990,1,12.0,1704.733836,1.0,1876.118331,0.5421686746987951,1.5421686746987953,0.927710843373494,0.5340909090909091,1.7272727272727273,1.1477272727272727
England,Cameroon,3,2,Quarter-finals,1990,2,4.0,1827.048678,44.0,1481.235245,0.4324324324324324,1.4054054054054057,0.918918918918919,0.1923076923076923,0.8461538461538461,1.807692307692308
Italy,Republic of Ireland,1,0,Quarter-finals,1990,2,12.0,1704.733836,58.0,1441.096901,0.5421686746987951,1.5421686746987953,0.927710843373494,0.1538461538461538,0.7692307692307693,0.7692307692307693
England,Belgium,1,0,Round of 16,1990,2,4.0,1827.048678,9.0,1742.235945,0.4324324324324324,1.4054054054054057,0.918918918918919,0.4117647058823529,1.3529411764705883,1.4509803921568627
Republic of Ireland,Romania,0,0,Round of 16,1990,1,58.0,1441.096901,53.0,1455.894657,0.1538461538461538,0.7692307692307693,0.7692307692307693,0.3809523809523809,1.4285714285714286,1.5238095238095235
Italy,Uruguay,2,0,Round of 16,1990,2,12.0,1704.733836,16.0,1673.068603,0.5421686746987951,1.5421686746987953,0.927710843373494,0.423728813559322,1.5084745762711864,1.2881355932203389
Brazil,Argentina,0,1,Round of 16,1990,0,6.0,1765.856297,1.0,1876.118331,0.6666666666666666,2.0789473684210527,0.9473684210526316,0.5340909090909091,1.7272727272727273,1.1477272727272727
Cameroon,Colombia,2,1,Round of 16,1990,2,44.0,1481.235245,13.0,1698.351858,0.1923076923076923,0.8461538461538461,1.807692307692308,0.4090909090909091,1.4545454545454546,1.3636363636363635
Belgium,Spain,1,2,Group stage,1990,0,9.0,1742.235945,2.0,1873.013187,0.4117647058823529,1.3529411764705883,1.4509803921568627,0.4626865671641791,1.611940298507463,1.1194029850746268
Korea Republic,Uruguay,0,1,Group stage,1990,0,25.0,1591.630886,16.0,1673.068603,0.1842105263157894,1.0263157894736843,2.0526315789473686,0.423728813559322,1.5084745762711864,1.2881355932203389
Republic of Ireland,Netherlands,1,1,Group stage,1990,1,58.0,1441.096901,8.0,1751.097835,0.1538461538461538,0.7692307692307693,0.7692307692307693,0.5454545454545454,1.7454545454545454,0.9454545454545454
England,Egypt,1,0,Group stage,1990,2,4.0,1827.048678,29.0,1562.367246,0.4324324324324324,1.4054054054054057,0.918918918918919,0.0,0.7142857142857143,1.7142857142857142
Sweden,Costa Rica,1,2,Group stage,1990,0,38.0,1509.785392,52.0,1457.00228,0.3725490196078431,1.568627450980392,1.431372549019608,0.2857142857142857,1.0476190476190477,1.8571428571428568
Brazil,Scotland,1,0,Group stage,1990,2,6.0,1765.856297,42.0,1503.34027,0.6666666666666666,2.0789473684210527,0.9473684210526316,0.1739130434782608,1.0869565217391304,1.7826086956521738
Argentina,Romania,1,1,Group stage,1990,1,1.0,1876.118331,53.0,1455.894657,0.5340909090909091,1.7272727272727273,1.1477272727272727,0.3809523809523809,1.4285714285714286,1.5238095238095235
Republic of Ireland,Egypt,0,0,Group stage,1990,1,58.0,1441.096901,29.0,1562.367246,0.1538461538461538,0.7692307692307693,0.7692307692307693,0.0,0.7142857142857143,1.7142857142857142
Belgium,Uruguay,3,1,Group stage,1990,2,9.0,1742.235945,16.0,1673.068603,0.4117647058823529,1.3529411764705883,1.4509803921568627,0.423728813559322,1.5084745762711864,1.2881355932203389
Korea Republic,Spain,1,3,Group stage,1990,0,25.0,1591.630886,2.0,1873.013187,0.1842105263157894,1.0263157894736843,2.0526315789473686,0.4626865671641791,1.611940298507463,1.1194029850746268
Brazil,Costa Rica,1,0,Group stage,1990,2,6.0,1765.856297,52.0,1457.00228,0.6666666666666666,2.0789473684210527,0.9473684210526316,0.2857142857142857,1.0476190476190477,1.8571428571428568
England,Netherlands,0,0,Group stage,1990,1,4.0,1827.048678,8.0,1751.097835,0.4324324324324324,1.4054054054054057,0.918918918918919,0.5454545454545454,1.7454545454545454,0.9454545454545454
Sweden,Scotland,1,2,Group stage,1990,0,38.0,1509.785392,42.0,1503.34027,0.3725490196078431,1.568627450980392,1.431372549019608,0.1739130434782608,1.0869565217391304,1.7826086956521738
Cameroon,Romania,2,1,Group stage,1990,2,44.0,1481.235245,53.0,1455.894657,0.1923076923076923,0.8461538461538461,1.807692307692308,0.3809523809523809,1.4285714285714286,1.5238095238095235
Uruguay,Spain,0,0,Group stage,1990,1,16.0,1673.068603,2.0,1873.013187,0.423728813559322,1.5084745762711864,1.2881355932203389,0.4626865671641791,1.611940298507463,1.1194029850746268
Belgium,Korea Republic,2,0,Group stage,1990,2,9.0,1742.235945,25.0,1591.630886,0.4117647058823529,1.3529411764705883,1.4509803921568627,0.1842105263157894,1.0263157894736843,2.0526315789473686
Netherlands,Egypt,1,1,Group stage,1990,1,8.0,1751.097835,29.0,1562.367246,0.5454545454545454,1.7454545454545454,0.9454545454545454,0.0,0.7142857142857143,1.7142857142857142
Costa Rica,Scotland,1,0,Group stage,1990,2,52.0,1457.00228,42.0,1503.34027,0.2857142857142857,1.0476190476190477,1.8571428571428568,0.1739130434782608,1.0869565217391304,1.7826086956521738
England,Republic of Ireland,1,1,Group stage,1990,1,4.0,1827.048678,58.0,1441.096901,0.4324324324324324,1.4054054054054057,0.918918918918919,0.1538461538461538,0.7692307692307693,0.7692307692307693
Brazil,Sweden,2,1,Group stage,1990,2,6.0,1765.856297,38.0,1509.785392,0.6666666666666666,2.0789473684210527,0.9473684210526316,0.3725490196078431,1.568627450980392,1.431372549019608
United Arab Emirates,Colombia,0,2,Group stage,1990,0,68.0,1370.469434,13.0,1698.351858,0.0,0.6666666666666666,3.6666666666666665,0.4090909090909091,1.4545454545454546,1.3636363636363635
Italy,Austria,1,0,Group stage,1990,2,12.0,1704.733836,24.0,1597.404087,0.5421686746987951,1.5421686746987953,0.927710843373494,0.4137931034482758,1.4827586206896552,1.6206896551724137
Argentina,Cameroon,0,1,Group stage,1990,0,1.0,1876.118331,44.0,1481.235245,0.5340909090909091,1.7272727272727273,1.1477272727272727,0.1923076923076923,0.8461538461538461,1.807692307692308
France,Belgium,4,2,Third-place match,1986,2,3.0,1869.428449,9.0,1742.235945,0.5342465753424658,1.8630136986301369,1.1643835616438356,0.4117647058823529,1.3529411764705883,1.4509803921568627
Argentina,Belgium,2,0,Semi-finals,1986,2,1.0,1876.118331,9.0,1742.235945,0.5340909090909091,1.7272727272727273,1.1477272727272727,0.4117647058823529,1.3529411764705883,1.4509803921568627
Argentina,England,2,1,Quarter-finals,1986,2,1.0,1876.118331,4.0,1827.048678,0.5340909090909091,1.7272727272727273,1.1477272727272727,0.4324324324324324,1.4054054054054057,0.918918918918919
Spain,Belgium,1,1,Quarter-finals,1986,1,2.0,1873.013187,9.0,1742.235945,0.4626865671641791,1.611940298507463,1.1194029850746268,0.4117647058823529,1.3529411764705883,1.4509803921568627
Brazil,France,1,1,Quarter-finals,1986,1,6.0,1765.856297,3.0,1869.428449,0.6666666666666666,2.0789473684210527,0.9473684210526316,0.5342465753424658,1.8630136986301369,1.1643835616438356
England,Paraguay,3,0,Round of 16,1986,2,4.0,1827.048678,40.0,1505.349689,0.4324324324324324,1.4054054054054057,0.918918918918919,0.2592592592592592,1.1111111111111112,1.4074074074074074
Denmark,Spain,1,5,Round of 16,1986,0,21.0,1619.474248,2.0,1873.013187,0.391304347826087,1.3478260869565215,1.2608695652173914,0.4626865671641791,1.611940298507463,1.1194029850746268
Italy,France,0,2,Round of 16,1986,0,12.0,1704.733836,3.0,1869.428449,0.5421686746987951,1.5421686746987953,0.927710843373494,0.5342465753424658,1.8630136986301369,1.1643835616438356
Brazil,Poland,4,0,Round of 16,1986,2,6.0,1765.856297,36.0,1526.183359,0.6666666666666666,2.0789473684210527,0.9473684210526316,0.4473684210526316,1.2894736842105263,1.3157894736842106
Argentina,Uruguay,1,0,Round of 16,1986,2,1.0,1876.118331,16.0,1673.068603,0.5340909090909091,1.7272727272727273,1.1477272727272727,0.423728813559322,1.5084745762711864,1.2881355932203389
Mexico,Bulgaria,2,0,Round of 16,1986,2,14.0,1687.481759,87.0,1271.683325,0.2833333333333333,1.0333333333333334,1.6833333333333331,0.1153846153846153,0.8461538461538461,2.0384615384615383
Scotland,Uruguay,0,0,Group stage,1986,1,42.0,1503.34027,16.0,1673.068603,0.1739130434782608,1.0869565217391304,1.7826086956521738,0.423728813559322,1.5084745762711864,1.2881355932203389
Algeria,Spain,0,3,Group stage,1986,0,28.0,1571.033293,2.0,1873.013187,0.2307692307692307,1.0,1.4615384615384617,0.4626865671641791,1.611940298507463,1.1194029850746268
Northern Ireland,Brazil,0,3,Group stage,1986,0,70.0,1366.564198,6.0,1765.856297,0.2307692307692307,1.0,1.7692307692307692,0.6666666666666666,2.0789473684210527,0.9473684210526316
Paraguay,Belgium,2,2,Group stage,1986,1,40.0,1505.349689,9.0,1742.235945,0.2592592592592592,1.1111111111111112,1.4074074074074074,0.4117647058823529,1.3529411764705883,1.4509803921568627
Iraq,Mexico,0,1,Group stage,1986,0,56.0,1451.153466,14.0,1687.481759,0.0,0.3333333333333333,1.3333333333333333,0.2833333333333333,1.0333333333333334,1.6833333333333331
England,Poland,3,0,Group stage,1986,2,4.0,1827.048678,36.0,1526.183359,0.4324324324324324,1.4054054054054057,0.918918918918919,0.4473684210526316,1.2894736842105263,1.3157894736842106
Portugal,Morocco,1,3,Group stage,1986,0,5.0,1766.177547,7.0,1755.100232,0.4857142857142857,1.7428571428571429,1.1714285714285717,0.217391304347826,0.8695652173913043,1.173913043478261
Argentina,Bulgaria,2,0,Group stage,1986,2,1.0,1876.118331,87.0,1271.683325,0.5340909090909091,1.7272727272727273,1.1477272727272727,0.1153846153846153,0.8461538461538461,2.0384615384615383
Korea Republic,Italy,2,3,Group stage,1986,0,25.0,1591.630886,12.0,1704.733836,0.1842105263157894,1.0263157894736843,2.0526315789473686,0.5421686746987951,1.5421686746987953,0.927710843373494
Hungary,France,0,3,Group stage,1986,0,41.0,1504.135797,3.0,1869.428449,0.46875,2.71875,1.78125,0.5342465753424658,1.8630136986301369,1.1643835616438356
Iraq,Belgium,1,2,Group stage,1986,0,56.0,1451.153466,9.0,1742.235945,0.0,0.3333333333333333,1.3333333333333333,0.4117647058823529,1.3529411764705883,1.4509803921568627
Denmark,Uruguay,6,1,Group stage,1986,2,21.0,1619.474248,16.0,1673.068603,0.391304347826087,1.3478260869565215,1.2608695652173914,0.423728813559322,1.5084745762711864,1.2881355932203389
Mexico,Paraguay,1,1,Group stage,1986,1,14.0,1687.481759,40.0,1505.349689,0.2833333333333333,1.0333333333333334,1.6833333333333331,0.2592592592592592,1.1111111111111112,1.4074074074074074
Northern Ireland,Spain,1,2,Group stage,1986,0,70.0,1366.564198,2.0,1873.013187,0.2307692307692307,1.0,1.7692307692307692,0.4626865671641791,1.611940298507463,1.1194029850746268
Poland,Portugal,1,0,Group stage,1986,2,36.0,1526.183359,5.0,1766.177547,0.4473684210526316,1.2894736842105263,1.3157894736842106,0.4857142857142857,1.7428571428571429,1.1714285714285717
Brazil,Algeria,1,0,Group stage,1986,2,6.0,1765.856297,28.0,1571.033293,0.6666666666666666,2.0789473684210527,0.9473684210526316,0.2307692307692307,1.0,1.4615384615384617
Hungary,Canada,2,0,Group stage,1986,2,41.0,1504.135797,30.0,1559.479301,0.46875,2.71875,1.78125,0.0,0.3333333333333333,2.0
England,Morocco,0,0,Group stage,1986,1,4.0,1827.048678,7.0,1755.100232,0.4324324324324324,1.4054054054054057,0.918918918918919,0.217391304347826,0.8695652173913043,1.173913043478261
Italy,Argentina,1,1,Group stage,1986,1,12.0,1704.733836,1.0,1876.118331,0.5421686746987951,1.5421686746987953,0.927710843373494,0.5340909090909091,1.7272727272727273,1.1477272727272727
Korea Republic,Bulgaria,1,1,Group stage,1986,1,25.0,1591.630886,87.0,1271.683325,0.1842105263157894,1.0263157894736843,2.0526315789473686,0.1153846153846153,0.8461538461538461,2.0384615384615383
Paraguay,Iraq,1,0,Group stage,1986,2,40.0,1505.349689,56.0,1451.153466,0.2592592592592592,1.1111111111111112,1.4074074074074074,0.0,0.3333333333333333,1.3333333333333333
Scotland,Denmark,0,1,Group stage,1986,0,42.0,1503.34027,21.0,1619.474248,0.1739130434782608,1.0869565217391304,1.7826086956521738,0.391304347826087,1.3478260869565215,1.2608695652173914
Belgium,Mexico,1,2,Group stage,1986,0,9.0,1742.235945,14.0,1687.481759,0.4117647058823529,1.3529411764705883,1.4509803921568627,0.2833333333333333,1.0333333333333334,1.6833333333333331
Algeria,Northern Ireland,1,1,Group stage,1986,1,28.0,1571.033293,70.0,1366.564198,0.2307692307692307,1.0,1.4615384615384617,0.2307692307692307,1.0,1.7692307692307692
Portugal,England,1,0,Group stage,1986,2,5.0,1766.177547,4.0,1827.048678,0.4857142857142857,1.7428571428571429,1.1714285714285717,0.4324324324324324,1.4054054054054057,0.918918918918919
Argentina,Korea Republic,3,1,Group stage,1986,2,1.0,1876.118331,25.0,1591.630886,0.5340909090909091,1.7272727272727273,1.1477272727272727,0.1842105263157894,1.0263157894736843,2.0526315789473686
Morocco,Poland,0,0,Group stage,1986,1,7.0,1755.100232,36.0,1526.183359,0.217391304347826,0.8695652173913043,1.173913043478261,0.4473684210526316,1.2894736842105263,1.3157894736842106
Spain,Brazil,0,1,Group stage,1986,0,2.0,1873.013187,6.0,1765.856297,0.4626865671641791,1.611940298507463,1.1194029850746268,0.6666666666666666,2.0789473684210527,0.9473684210526316
Canada,France,0,1,Group stage,1986,0,30.0,1559.479301,3.0,1869.428449,0.0,0.3333333333333333,2.0,0.5342465753424658,1.8630136986301369,1.1643835616438356
Bulgaria,Italy,1,1,Group stage,1986,1,87.0,1271.683325,12.0,1704.733836,0.1153846153846153,0.8461538461538461,2.0384615384615383,0.5421686746987951,1.5421686746987953,0.927710843373494
Poland,France,3,2,Third-place match,1982,2,36.0,1526.183359,3.0,1869.428449,0.4473684210526316,1.2894736842105263,1.3157894736842106,0.5342465753424658,1.8630136986301369,1.1643835616438356
Poland,Italy,0,2,Semi-finals,1982,0,36.0,1526.183359,12.0,1704.733836,0.4473684210526316,1.2894736842105263,1.3157894736842106,0.5421686746987951,1.5421686746987953,0.927710843373494
Italy,Brazil,3,2,Second group stage,1982,2,12.0,1704.733836,6.0,1765.856297,0.5421686746987951,1.5421686746987953,0.927710843373494,0.6666666666666666,2.0789473684210527,0.9473684210526316
Spain,England,0,0,Second group stage,1982,1,2.0,1873.013187,4.0,1827.048678,0.4626865671641791,1.611940298507463,1.1194029850746268,0.4324324324324324,1.4054054054054057,0.918918918918919
France,Northern Ireland,4,1,Second group stage,1982,2,3.0,1869.428449,70.0,1366.564198,0.5342465753424658,1.8630136986301369,1.1643835616438356,0.2307692307692307,1.0,1.7692307692307692
Argentina,Brazil,1,3,Second group stage,1982,0,1.0,1876.118331,6.0,1765.856297,0.5340909090909091,1.7272727272727273,1.1477272727272727,0.6666666666666666,2.0789473684210527,0.9473684210526316
Austria,Northern Ireland,2,2,Second group stage,1982,1,24.0,1597.404087,70.0,1366.564198,0.4137931034482758,1.4827586206896552,1.6206896551724137,0.2307692307692307,1.0,1.7692307692307692
Italy,Argentina,2,1,Second group stage,1982,2,12.0,1704.733836,1.0,1876.118331,0.5421686746987951,1.5421686746987953,0.927710843373494,0.5340909090909091,1.7272727272727273,1.1477272727272727
Austria,France,0,1,Second group stage,1982,0,24.0,1597.404087,3.0,1869.428449,0.4137931034482758,1.4827586206896552,1.6206896551724137,0.5342465753424658,1.8630136986301369,1.1643835616438356
Poland,Belgium,3,0,Second group stage,1982,2,36.0,1526.183359,9.0,1742.235945,0.4473684210526316,1.2894736842105263,1.3157894736842106,0.4117647058823529,1.3529411764705883,1.4509803921568627
England,Kuwait,1,0,First group stage,1982,2,4.0,1827.048678,133.0,1106.474587,0.4324324324324324,1.4054054054054057,0.918918918918919,0.0,0.6666666666666666,2.0
Northern Ireland,Spain,1,0,First group stage,1982,2,70.0,1366.564198,2.0,1873.013187,0.2307692307692307,1.0,1.7692307692307692,0.4626865671641791,1.611940298507463,1.1194029850746268
Algeria,Chile,3,2,First group stage,1982,2,28.0,1571.033293,55.0,1452.939983,0.2307692307692307,1.0,1.4615384615384617,0.3333333333333333,1.2121212121212122,1.4848484848484849
Italy,Cameroon,1,1,First group stage,1982,1,12.0,1704.733836,44.0,1481.235245,0.5421686746987951,1.5421686746987953,0.927710843373494,0.1923076923076923,0.8461538461538461,1.807692307692308
Argentina,El Salvador,2,0,First group stage,1982,2,1.0,1876.118331,101.0,1225.344607,0.5340909090909091,1.7272727272727273,1.1477272727272727,0.0,0.1666666666666666,3.6666666666666665
Brazil,New Zealand,4,0,First group stage,1982,2,6.0,1765.856297,85.0,1275.581062,0.6666666666666666,2.0789473684210527,0.9473684210526316,0.0,0.6666666666666666,2.333333333333333
Poland,Peru,5,1,First group stage,1982,2,36.0,1526.183359,51.0,1459.390555,0.4473684210526316,1.2894736842105263,1.3157894736842106,0.2777777777777778,1.1666666666666667,1.8333333333333333
Belgium,Hungary,1,1,First group stage,1982,1,9.0,1742.235945,41.0,1504.135797,0.4117647058823529,1.3529411764705883,1.4509803921568627,0.46875,2.71875,1.78125
Algeria,Austria,0,2,First group stage,1982,0,28.0,1571.033293,24.0,1597.404087,0.2307692307692307,1.0,1.4615384615384617,0.4137931034482758,1.4827586206896552,1.6206896551724137
France,Kuwait,4,1,First group stage,1982,2,3.0,1869.428449,133.0,1106.474587,0.5342465753424658,1.8630136986301369,1.1643835616438356,0.0,0.6666666666666666,2.0
Honduras,Northern Ireland,1,1,First group stage,1982,1,65.0,1378.970301,70.0,1366.564198,0.0,0.3333333333333333,1.5555555555555556,0.2307692307692307,1.0,1.7692307692307692
Poland,Cameroon,0,0,First group stage,1982,1,36.0,1526.183359,44.0,1481.235245,0.4473684210526316,1.2894736842105263,1.3157894736842106,0.1923076923076923,0.8461538461538461,1.807692307692308
Belgium,El Salvador,1,0,First group stage,1982,2,9.0,1742.235945,101.0,1225.344607,0.4117647058823529,1.3529411764705883,1.4509803921568627,0.0,0.1666666666666666,3.6666666666666665
Italy,Peru,1,1,First group stage,1982,1,12.0,1704.733836,51.0,1459.390555,0.5421686746987951,1.5421686746987953,0.927710843373494,0.2777777777777778,1.1666666666666667,1.8333333333333333
Brazil,Scotland,4,1,First group stage,1982,2,6.0,1765.856297,42.0,1503.34027,0.6666666666666666,2.0789473684210527,0.9473684210526316,0.1739130434782608,1.0869565217391304,1.7826086956521738
Argentina,Hungary,4,1,First group stage,1982,2,1.0,1876.118331,41.0,1504.135797,0.5340909090909091,1.7272727272727273,1.1477272727272727,0.46875,2.71875,1.78125
Chile,Austria,0,1,First group stage,1982,0,55.0,1452.939983,24.0,1597.404087,0.3333333333333333,1.2121212121212122,1.4848484848484849,0.4137931034482758,1.4827586206896552,1.6206896551724137
England,France,3,1,First group stage,1982,2,4.0,1827.048678,3.0,1869.428449,0.4324324324324324,1.4054054054054057,0.918918918918919,0.5342465753424658,1.8630136986301369,1.1643835616438356
Spain,Honduras,1,1,First group stage,1982,1,2.0,1873.013187,65.0,1378.970301,0.4626865671641791,1.611940298507463,1.1194029850746268,0.0,0.3333333333333333,1.5555555555555556
Peru,Cameroon,0,0,First group stage,1982,1,51.0,1459.390555,44.0,1481.235245,0.2777777777777778,1.1666666666666667,1.8333333333333333,0.1923076923076923,0.8461538461538461,1.807692307692308
Hungary,El Salvador,10,1,First group stage,1982,2,41.0,1504.135797,101.0,1225.344607,0.46875,2.71875,1.78125,0.0,0.1666666666666666,3.6666666666666665
Scotland,New Zealand,5,2,First group stage,1982,2,42.0,1503.34027,85.0,1275.581062,0.1739130434782608,1.0869565217391304,1.7826086956521738,0.0,0.6666666666666666,2.333333333333333
Italy,Poland,0,0,First group stage,1982,1,12.0,1704.733836,36.0,1526.183359,0.5421686746987951,1.5421686746987953,0.927710843373494,0.4473684210526316,1.2894736842105263,1.3157894736842106
Argentina,Belgium,0,1,First group stage,1982,0,1.0,1876.118331,9.0,1742.235945,0.5340909090909091,1.7272727272727273,1.1477272727272727,0.4117647058823529,1.3529411764705883,1.4509803921568627
Argentina,Netherlands,3,1,Final,1978,2,1.0,1876.118331,8.0,1751.097835,0.5340909090909091,1.7272727272727273,1.1477272727272727,0.5454545454545454,1.7454545454545454,0.9454545454545454
Brazil,Italy,2,1,Third-place match,1978,2,6.0,1765.856297,12.0,1704.733836,0.6666666666666666,2.0789473684210527,0.9473684210526316,0.5421686746987951,1.5421686746987953,0.927710843373494
Netherlands,Italy,2,1,Second round,1978,2,8.0,1751.097835,12.0,1704.733836,0.5454545454545454,1.7454545454545454,0.9454545454545454,0.5421686746987951,1.5421686746987953,0.927710843373494
Brazil,Poland,3,1,Second round,1978,2,6.0,1765.856297,36.0,1526.183359,0.6666666666666666,2.0789473684210527,0.9473684210526316,0.4473684210526316,1.2894736842105263,1.3157894736842106
Argentina,Peru,6,0,Second round,1978,2,1.0,1876.118331,51.0,1459.390555,0.5340909090909091,1.7272727272727273,1.1477272727272727,0.2777777777777778,1.1666666666666667,1.8333333333333333
Poland,Peru,1,0,Second round,1978,2,36.0,1526.183359,51.0,1459.390555,0.4473684210526316,1.2894736842105263,1.3157894736842106,0.2777777777777778,1.1666666666666667,1.8333333333333333
Italy,Austria,1,0,Second round,1978,2,12.0,1704.733836,24.0,1597.404087,0.5421686746987951,1.5421686746987953,0.927710843373494,0.4137931034482758,1.4827586206896552,1.6206896551724137
Argentina,Brazil,0,0,Second round,1978,1,1.0,1876.118331,6.0,1765.856297,0.5340909090909091,1.7272727272727273,1.1477272727272727,0.6666666666666666,2.0789473684210527,0.9473684210526316
Netherlands,Austria,5,1,Second round,1978,2,8.0,1751.097835,24.0,1597.404087,0.5454545454545454,1.7454545454545454,0.9454545454545454,0.4137931034482758,1.4827586206896552,1.6206896551724137
Brazil,Peru,3,0,Second round,1978,2,6.0,1765.856297,51.0,1459.390555,0.6666666666666666,2.0789473684210527,0.9473684210526316,0.2777777777777778,1.1666666666666667,1.8333333333333333
Argentina,Poland,2,0,Second round,1978,2,1.0,1876.118331,36.0,1526.183359,0.5340909090909091,1.7272727272727273,1.1477272727272727,0.4473684210526316,1.2894736842105263,1.3157894736842106
Brazil,Austria,1,0,First round,1978,2,6.0,1765.856297,24.0,1597.404087,0.6666666666666666,2.0789473684210527,0.9473684210526316,0.4137931034482758,1.4827586206896552,1.6206896551724137
Spain,Sweden,1,0,First round,1978,2,2.0,1873.013187,38.0,1509.785392,0.4626865671641791,1.611940298507463,1.1194029850746268,0.3725490196078431,1.568627450980392,1.431372549019608
Peru,IR Iran,4,1,First round,1978,2,51.0,1459.390555,20.0,1619.58163,0.2777777777777778,1.1666666666666667,1.8333333333333333,0.1666666666666666,0.7222222222222222,1.7222222222222223
Scotland,Netherlands,3,2,First round,1978,2,42.0,1503.34027,8.0,1751.097835,0.1739130434782608,1.0869565217391304,1.7826086956521738,0.5454545454545454,1.7454545454545454,0.9454545454545454
France,Hungary,3,1,First round,1978,2,3.0,1869.428449,41.0,1504.135797,0.5342465753424658,1.8630136986301369,1.1643835616438356,0.46875,2.71875,1.78125
Poland,Mexico,3,1,First round,1978,2,36.0,1526.183359,14.0,1687.481759,0.4473684210526316,1.2894736842105263,1.3157894736842106,0.2833333333333333,1.0333333333333334,1.6833333333333331
Italy,Argentina,1,0,First round,1978,2,12.0,1704.733836,1.0,1876.118331,0.5421686746987951,1.5421686746987953,0.927710843373494,0.5340909090909091,1.7272727272727273,1.1477272727272727
Austria,Sweden,1,0,First round,1978,2,24.0,1597.404087,38.0,1509.785392,0.4137931034482758,1.4827586206896552,1.6206896551724137,0.3725490196078431,1.568627450980392,1.431372549019608
Brazil,Spain,0,0,First round,1978,1,6.0,1765.856297,2.0,1873.013187,0.6666666666666666,2.0789473684210527,0.9473684210526316,0.4626865671641791,1.611940298507463,1.1194029850746268
Netherlands,Peru,0,0,First round,1978,1,8.0,1751.097835,51.0,1459.390555,0.5454545454545454,1.7454545454545454,0.9454545454545454,0.2777777777777778,1.1666666666666667,1.8333333333333333
Scotland,IR Iran,1,1,First round,1978,1,42.0,1503.34027,20.0,1619.58163,0.1739130434782608,1.0869565217391304,1.7826086956521738,0.1666666666666666,0.7222222222222222,1.7222222222222223
Italy,Hungary,3,1,First round,1978,2,12.0,1704.733836,41.0,1504.135797,0.5421686746987951,1.5421686746987953,0.927710843373494,0.46875,2.71875,1.78125
Poland,Tunisia,1,0,First round,1978,2,36.0,1526.183359,46.0,1476.405088,0.4473684210526316,1.2894736842105263,1.3157894736842106,0.1666666666666666,0.7777777777777778,1.4444444444444444
Argentina,France,2,1,First round,1978,2,1.0,1876.118331,3.0,1869.428449,0.5340909090909091,1.7272727272727273,1.1477272727272727,0.5342465753424658,1.8630136986301369,1.1643835616438356
Sweden,Brazil,1,1,First round,1978,1,38.0,1509.785392,6.0,1765.856297,0.3725490196078431,1.568627450980392,1.431372549019608,0.6666666666666666,2.0789473684210527,0.9473684210526316
Austria,Spain,2,1,First round,1978,2,24.0,1597.404087,2.0,1873.013187,0.4137931034482758,1.4827586206896552,1.6206896551724137,0.4626865671641791,1.611940298507463,1.1194029850746268
Peru,Scotland,3,1,First round,1978,2,51.0,1459.390555,42.0,1503.34027,0.2777777777777778,1.1666666666666667,1.8333333333333333,0.1739130434782608,1.0869565217391304,1.7826086956521738
Netherlands,IR Iran,3,0,First round,1978,2,8.0,1751.097835,20.0,1619.58163,0.5454545454545454,1.7454545454545454,0.9454545454545454,0.1666666666666666,0.7222222222222222,1.7222222222222223
Italy,France,2,1,First round,1978,2,12.0,1704.733836,3.0,1869.428449,0.5421686746987951,1.5421686746987953,0.927710843373494,0.5342465753424658,1.8630136986301369,1.1643835616438356
Tunisia,Mexico,3,1,First round,1978,2,46.0,1476.405088,14.0,1687.481759,0.1666666666666666,0.7777777777777778,1.4444444444444444,0.2833333333333333,1.0333333333333334,1.6833333333333331
Argentina,Hungary,2,1,First round,1978,2,1.0,1876.118331,41.0,1504.135797,0.5340909090909091,1.7272727272727273,1.1477272727272727,0.46875,2.71875,1.78125
Brazil,Poland,0,1,Third-place match,1974,0,6.0,1765.856297,36.0,1526.183359,0.6666666666666666,2.0789473684210527,0.9473684210526316,0.4473684210526316,1.2894736842105263,1.3157894736842106
Netherlands,Brazil,2,0,Second round,1974,2,8.0,1751.097835,6.0,1765.856297,0.5454545454545454,1.7454545454545454,0.9454545454545454,0.6666666666666666,2.0789473684210527,0.9473684210526316
Argentina,Brazil,1,2,Second round,1974,0,1.0,1876.118331,6.0,1765.856297,0.5340909090909091,1.7272727272727273,1.1477272727272727,0.6666666666666666,2.0789473684210527,0.9473684210526316
Sweden,Poland,0,1,Second round,1974,0,38.0,1509.785392,36.0,1526.183359,0.3725490196078431,1.568627450980392,1.431372549019608,0.4473684210526316,1.2894736842105263,1.3157894736842106
Netherlands,Argentina,4,0,Second round,1974,2,8.0,1751.097835,1.0,1876.118331,0.5454545454545454,1.7454545454545454,0.9454545454545454,0.5340909090909091,1.7272727272727273,1.1477272727272727
Bulgaria,Netherlands,1,4,First round,1974,0,87.0,1271.683325,8.0,1751.097835,0.1153846153846153,0.8461538461538461,2.0384615384615383,0.5454545454545454,1.7454545454545454,0.9454545454545454
Poland,Italy,2,1,First round,1974,2,36.0,1526.183359,12.0,1704.733836,0.4473684210526316,1.2894736842105263,1.3157894736842106,0.5421686746987951,1.5421686746987953,0.927710843373494
Sweden,Uruguay,3,0,First round,1974,2,38.0,1509.785392,16.0,1673.068603,0.3725490196078431,1.568627450980392,1.431372549019608,0.423728813559322,1.5084745762711864,1.2881355932203389
Argentina,Haiti,4,1,First round,1974,2,1.0,1876.118331,83.0,1293.096585,0.5340909090909091,1.7272727272727273,1.1477272727272727,0.0,0.6666666666666666,4.666666666666667
Australia,Chile,0,0,First round,1974,1,27.0,1579.34264,55.0,1452.939983,0.2,0.85,1.85,0.3333333333333333,1.2121212121212122,1.4848484848484849
Haiti,Poland,0,7,First round,1974,0,83.0,1293.096585,36.0,1526.183359,0.0,0.6666666666666666,4.666666666666667,0.4473684210526316,1.2894736842105263,1.3157894736842106
Bulgaria,Uruguay,1,1,First round,1974,1,87.0,1271.683325,16.0,1673.068603,0.1153846153846153,0.8461538461538461,2.0384615384615383,0.423728813559322,1.5084745762711864,1.2881355932203389
Netherlands,Sweden,0,0,First round,1974,1,8.0,1751.097835,38.0,1509.785392,0.5454545454545454,1.7454545454545454,0.9454545454545454,0.3725490196078431,1.568627450980392,1.431372549019608
Argentina,Italy,1,1,First round,1974,1,1.0,1876.118331,12.0,1704.733836,0.5340909090909091,1.7272727272727273,1.1477272727272727,0.5421686746987951,1.5421686746987953,0.927710843373494
Scotland,Brazil,0,0,First round,1974,1,42.0,1503.34027,6.0,1765.856297,0.1739130434782608,1.0869565217391304,1.7826086956521738,0.6666666666666666,2.0789473684210527,0.9473684210526316
Uruguay,Netherlands,0,2,First round,1974,0,16.0,1673.068603,8.0,1751.097835,0.423728813559322,1.5084745762711864,1.2881355932203389,0.5454545454545454,1.7454545454545454,0.9454545454545454
Sweden,Bulgaria,0,0,First round,1974,1,38.0,1509.785392,87.0,1271.683325,0.3725490196078431,1.568627450980392,1.431372549019608,0.1153846153846153,0.8461538461538461,2.0384615384615383
Italy,Haiti,3,1,First round,1974,2,12.0,1704.733836,83.0,1293.096585,0.5421686746987951,1.5421686746987953,0.927710843373494,0.0,0.6666666666666666,4.666666666666667
Poland,Argentina,3,2,First round,1974,2,36.0,1526.183359,1.0,1876.118331,0.4473684210526316,1.2894736842105263,1.3157894736842106,0.5340909090909091,1.7272727272727273,1.1477272727272727
Brazil,Italy,4,1,Final,1970,2,6.0,1765.856297,12.0,1704.733836,0.6666666666666666,2.0789473684210527,0.9473684210526316,0.5421686746987951,1.5421686746987953,0.927710843373494
Brazil,Uruguay,3,1,Semi-finals,1970,2,6.0,1765.856297,16.0,1673.068603,0.6666666666666666,2.0789473684210527,0.9473684210526316,0.423728813559322,1.5084745762711864,1.2881355932203389
Brazil,Peru,4,2,Quarter-finals,1970,2,6.0,1765.856297,51.0,1459.390555,0.6666666666666666,2.0789473684210527,0.9473684210526316,0.2777777777777778,1.1666666666666667,1.8333333333333333
Italy,Mexico,4,1,Quarter-finals,1970,2,12.0,1704.733836,14.0,1687.481759,0.5421686746987951,1.5421686746987953,0.927710843373494,0.2833333333333333,1.0333333333333334,1.6833333333333331
Mexico,Belgium,1,0,Group stage,1970,2,14.0,1687.481759,9.0,1742.235945,0.2833333333333333,1.0333333333333334,1.6833333333333331,0.4117647058823529,1.3529411764705883,1.4509803921568627
Italy,Israel,0,0,Group stage,1970,1,12.0,1704.733836,76.0,1333.904007,0.5421686746987951,1.5421686746987953,0.927710843373494,0.0,0.3333333333333333,1.0
Bulgaria,Morocco,1,1,Group stage,1970,1,87.0,1271.683325,7.0,1755.100232,0.1153846153846153,0.8461538461538461,2.0384615384615383,0.217391304347826,0.8695652173913043,1.173913043478261
Brazil,Romania,3,2,Group stage,1970,2,6.0,1765.856297,53.0,1455.894657,0.6666666666666666,2.0789473684210527,0.9473684210526316,0.3809523809523809,1.4285714285714286,1.5238095238095235
Sweden,Uruguay,1,0,Group stage,1970,2,38.0,1509.785392,16.0,1673.068603,0.3725490196078431,1.568627450980392,1.431372549019608,0.423728813559322,1.5084745762711864,1.2881355932203389
Mexico,El Salvador,4,0,Group stage,1970,2,14.0,1687.481759,101.0,1225.344607,0.2833333333333333,1.0333333333333334,1.6833333333333331,0.0,0.1666666666666666,3.6666666666666665
Brazil,England,1,0,Group stage,1970,2,6.0,1765.856297,4.0,1827.048678,0.6666666666666666,2.0789473684210527,0.9473684210526316,0.4324324324324324,1.4054054054054057,0.918918918918919
Sweden,Israel,1,1,Group stage,1970,1,38.0,1509.785392,76.0,1333.904007,0.3725490196078431,1.568627450980392,1.431372549019608,0.0,0.3333333333333333,1.0
Uruguay,Italy,0,0,Group stage,1970,1,16.0,1673.068603,12.0,1704.733836,0.423728813559322,1.5084745762711864,1.2881355932203389,0.5421686746987951,1.5421686746987953,0.927710843373494
Peru,Morocco,3,0,Group stage,1970,2,51.0,1459.390555,7.0,1755.100232,0.2777777777777778,1.1666666666666667,1.8333333333333333,0.217391304347826,0.8695652173913043,1.173913043478261
Belgium,El Salvador,3,0,Group stage,1970,2,9.0,1742.235945,101.0,1225.344607,0.4117647058823529,1.3529411764705883,1.4509803921568627,0.0,0.1666666666666666,3.6666666666666665
Italy,Sweden,1,0,Group stage,1970,2,12.0,1704.733836,38.0,1509.785392,0.5421686746987951,1.5421686746987953,0.927710843373494,0.3725490196078431,1.568627450980392,1.431372549019608
England,Romania,1,0,Group stage,1970,2,4.0,1827.048678,53.0,1455.894657,0.4324324324324324,1.4054054054054057,0.918918918918919,0.3809523809523809,1.4285714285714286,1.5238095238095235
Peru,Bulgaria,3,2,Group stage,1970,2,51.0,1459.390555,87.0,1271.683325,0.2777777777777778,1.1666666666666667,1.8333333333333333,0.1153846153846153,0.8461538461538461,2.0384615384615383
Uruguay,Israel,2,0,Group stage,1970,2,16.0,1673.068603,76.0,1333.904007,0.423728813559322,1.5084745762711864,1.2881355932203389,0.0,0.3333333333333333,1.0
England,Portugal,2,1,Semi-finals,1966,2,4.0,1827.048678,5.0,1766.177547,0.4324324324324324,1.4054054054054057,0.918918918918919,0.4857142857142857,1.7428571428571429,1.1714285714285717
Portugal,Korea DPR,5,3,Quarter-finals,1966,2,5.0,1766.177547,120.0,1151.052136,0.4857142857142857,1.7428571428571429,1.1714285714285717,0.1428571428571428,0.8571428571428571,3.0
England,Argentina,1,0,Quarter-finals,1966,2,4.0,1827.048678,1.0,1876.118331,0.4324324324324324,1.4054054054054057,0.918918918918919,0.5340909090909091,1.7272727272727273,1.1477272727272727
England,France,2,0,Group stage,1966,2,4.0,1827.048678,3.0,1869.428449,0.4324324324324324,1.4054054054054057,0.918918918918919,0.5342465753424658,1.8630136986301369,1.1643835616438356
Hungary,Bulgaria,3,1,Group stage,1966,2,41.0,1504.135797,87.0,1271.683325,0.46875,2.71875,1.78125,0.1153846153846153,0.8461538461538461,2.0384615384615383
Uruguay,Mexico,0,0,Group stage,1966,1,16.0,1673.068603,14.0,1687.481759,0.423728813559322,1.5084745762711864,1.2881355932203389,0.2833333333333333,1.0333333333333334,1.6833333333333331
Argentina,Switzerland,2,0,Group stage,1966,2,1.0,1876.118331,19.0,1650.064179,0.5340909090909091,1.7272727272727273,1.1477272727272727,0.3414634146341463,1.3414634146341464,1.7804878048780488
Portugal,Brazil,3,1,Group stage,1966,2,5.0,1766.177547,6.0,1765.856297,0.4857142857142857,1.7428571428571429,1.1714285714285717,0.6666666666666666,2.0789473684210527,0.9473684210526316
Korea DPR,Italy,1,0,Group stage,1966,2,120.0,1151.052136,12.0,1704.733836,0.1428571428571428,0.8571428571428571,3.0,0.5421686746987951,1.5421686746987953,0.927710843373494
Portugal,Bulgaria,3,0,Group stage,1966,2,5.0,1766.177547,87.0,1271.683325,0.4857142857142857,1.7428571428571429,1.1714285714285717,0.1153846153846153,0.8461538461538461,2.0384615384615383
England,Mexico,2,0,Group stage,1966,2,4.0,1827.048678,14.0,1687.481759,0.4324324324324324,1.4054054054054057,0.918918918918919,0.2833333333333333,1.0333333333333334,1.6833333333333331
Spain,Switzerland,2,1,Group stage,1966,2,2.0,1873.013187,19.0,1650.064179,0.4626865671641791,1.611940298507463,1.1194029850746268,0.3414634146341463,1.3414634146341464,1.7804878048780488
Uruguay,France,2,1,Group stage,1966,2,16.0,1673.068603,3.0,1869.428449,0.423728813559322,1.5084745762711864,1.2881355932203389,0.5342465753424658,1.8630136986301369,1.1643835616438356
Hungary,Brazil,3,1,Group stage,1966,2,41.0,1504.135797,6.0,1765.856297,0.46875,2.71875,1.78125,0.6666666666666666,2.0789473684210527,0.9473684210526316
Korea DPR,Chile,1,1,Group stage,1966,1,120.0,1151.052136,55.0,1452.939983,0.1428571428571428,0.8571428571428571,3.0,0.3333333333333333,1.2121212121212122,1.4848484848484849
Argentina,Spain,2,1,Group stage,1966,2,1.0,1876.118331,2.0,1873.013187,0.5340909090909091,1.7272727272727273,1.1477272727272727,0.4626865671641791,1.611940298507463,1.1194029850746268
France,Mexico,1,1,Group stage,1966,1,3.0,1869.428449,14.0,1687.481759,0.5342465753424658,1.8630136986301369,1.1643835616438356,0.2833333333333333,1.0333333333333334,1.6833333333333331
Italy,Chile,2,0,Group stage,1966,2,12.0,1704.733836,55.0,1452.939983,0.5421686746987951,1.5421686746987953,0.927710843373494,0.3333333333333333,1.2121212121212122,1.4848484848484849
Portugal,Hungary,3,1,Group stage,1966,2,5.0,1766.177547,41.0,1504.135797,0.4857142857142857,1.7428571428571429,1.1714285714285717,0.46875,2.71875,1.78125
Brazil,Bulgaria,2,0,Group stage,1966,2,6.0,1765.856297,87.0,1271.683325,0.6666666666666666,2.0789473684210527,0.9473684210526316,0.1153846153846153,0.8461538461538461,2.0384615384615383
England,Uruguay,0,0,Group stage,1966,1,4.0,1827.048678,16.0,1673.068603,0.4324324324324324,1.4054054054054057,0.918918918918919,0.423728813559322,1.5084745762711864,1.2881355932203389
Brazil,Chile,4,2,Semi-finals,1962,2,6.0,1765.856297,55.0,1452.939983,0.6666666666666666,2.0789473684210527,0.9473684210526316,0.3333333333333333,1.2121212121212122,1.4848484848484849
Brazil,England,3,1,Quarter-finals,1962,2,6.0,1765.856297,4.0,1827.048678,0.6666666666666666,2.0789473684210527,0.9473684210526316,0.4324324324324324,1.4054054054054057,0.918918918918919
England,Bulgaria,0,0,Group stage,1962,1,4.0,1827.048678,87.0,1271.683325,0.4324324324324324,1.4054054054054057,0.918918918918919,0.1153846153846153,0.8461538461538461,2.0384615384615383
Italy,Switzerland,3,0,Group stage,1962,2,12.0,1704.733836,19.0,1650.064179,0.5421686746987951,1.5421686746987953,0.927710843373494,0.3414634146341463,1.3414634146341464,1.7804878048780488
Hungary,Argentina,0,0,Group stage,1962,1,41.0,1504.135797,1.0,1876.118331,0.46875,2.71875,1.78125,0.5340909090909091,1.7272727272727273,1.1477272727272727
Brazil,Spain,2,1,Group stage,1962,2,6.0,1765.856297,2.0,1873.013187,0.6666666666666666,2.0789473684210527,0.9473684210526316,0.4626865671641791,1.611940298507463,1.1194029850746268
Spain,Mexico,1,0,Group stage,1962,2,2.0,1873.013187,14.0,1687.481759,0.4626865671641791,1.611940298507463,1.1194029850746268,0.2833333333333333,1.0333333333333334,1.6833333333333331
Hungary,Bulgaria,6,1,Group stage,1962,2,41.0,1504.135797,87.0,1271.683325,0.46875,2.71875,1.78125,0.1153846153846153,0.8461538461538461,2.0384615384615383
Chile,Italy,2,0,Group stage,1962,2,55.0,1452.939983,12.0,1704.733836,0.3333333333333333,1.2121212121212122,1.4848484848484849,0.5421686746987951,1.5421686746987953,0.927710843373494
England,Argentina,3,1,Group stage,1962,2,4.0,1827.048678,1.0,1876.118331,0.4324324324324324,1.4054054054054057,0.918918918918919,0.5340909090909091,1.7272727272727273,1.1477272727272727
Hungary,England,2,1,Group stage,1962,2,41.0,1504.135797,4.0,1827.048678,0.46875,2.71875,1.78125,0.4324324324324324,1.4054054054054057,0.918918918918919
Chile,Switzerland,3,1,Group stage,1962,2,55.0,1452.939983,19.0,1650.064179,0.3333333333333333,1.2121212121212122,1.4848484848484849,0.3414634146341463,1.3414634146341464,1.7804878048780488
Uruguay,Colombia,2,1,Group stage,1962,2,16.0,1673.068603,13.0,1698.351858,0.423728813559322,1.5084745762711864,1.2881355932203389,0.4090909090909091,1.4545454545454546,1.3636363636363635
Brazil,Mexico,2,0,Group stage,1962,2,6.0,1765.856297,14.0,1687.481759,0.6666666666666666,2.0789473684210527,0.9473684210526316,0.2833333333333333,1.0333333333333334,1.6833333333333331
Argentina,Bulgaria,1,0,Group stage,1962,2,1.0,1876.118331,87.0,1271.683325,0.5340909090909091,1.7272727272727273,1.1477272727272727,0.1153846153846153,0.8461538461538461,2.0384615384615383
Brazil,Sweden,5,2,Final,1958,2,6.0,1765.856297,38.0,1509.785392,0.6666666666666666,2.0789473684210527,0.9473684210526316,0.3725490196078431,1.568627450980392,1.431372549019608
Brazil,France,5,2,Semi-finals,1958,2,6.0,1765.856297,3.0,1869.428449,0.6666666666666666,2.0789473684210527,0.9473684210526316,0.5342465753424658,1.8630136986301369,1.1643835616438356
France,Northern Ireland,4,0,Quarter-finals,1958,2,3.0,1869.428449,70.0,1366.564198,0.5342465753424658,1.8630136986301369,1.1643835616438356,0.2307692307692307,1.0,1.7692307692307692
Brazil,Wales,1,0,Quarter-finals,1958,2,6.0,1765.856297,37.0,1516.946629,0.6666666666666666,2.0789473684210527,0.9473684210526316,0.125,0.625,1.25
Wales,Hungary,2,1,Group stage play-off,1958,2,37.0,1516.946629,41.0,1504.135797,0.125,0.625,1.25,0.46875,2.71875,1.78125
Sweden,Wales,0,0,Group stage,1958,1,38.0,1509.785392,37.0,1516.946629,0.3725490196078431,1.568627450980392,1.431372549019608,0.125,0.625,1.25
England,Austria,2,2,Group stage,1958,1,4.0,1827.048678,24.0,1597.404087,0.4324324324324324,1.4054054054054057,0.918918918918919,0.4137931034482758,1.4827586206896552,1.6206896551724137
Hungary,Mexico,4,0,Group stage,1958,2,41.0,1504.135797,14.0,1687.481759,0.46875,2.71875,1.78125,0.2833333333333333,1.0333333333333334,1.6833333333333331
France,Scotland,2,1,Group stage,1958,2,3.0,1869.428449,42.0,1503.34027,0.5342465753424658,1.8630136986301369,1.1643835616438356,0.1739130434782608,1.0869565217391304,1.7826086956521738
Sweden,Hungary,2,1,Group stage,1958,2,38.0,1509.785392,41.0,1504.135797,0.3725490196078431,1.568627450980392,1.431372549019608,0.46875,2.71875,1.78125
Argentina,Northern Ireland,3,1,Group stage,1958,2,1.0,1876.118331,70.0,1366.564198,0.5340909090909091,1.7272727272727273,1.1477272727272727,0.2307692307692307,1.0,1.7692307692307692
Paraguay,Scotland,3,2,Group stage,1958,2,40.0,1505.349689,42.0,1503.34027,0.2592592592592592,1.1111111111111112,1.4074074074074074,0.1739130434782608,1.0869565217391304,1.7826086956521738
Brazil,England,0,0,Group stage,1958,1,6.0,1765.856297,4.0,1827.048678,0.6666666666666666,2.0789473684210527,0.9473684210526316,0.4324324324324324,1.4054054054054057,0.918918918918919
Mexico,Wales,1,1,Group stage,1958,1,14.0,1687.481759,37.0,1516.946629,0.2833333333333333,1.0333333333333334,1.6833333333333331,0.125,0.625,1.25
Sweden,Mexico,3,0,Group stage,1958,2,38.0,1509.785392,14.0,1687.481759,0.3725490196078431,1.568627450980392,1.431372549019608,0.2833333333333333,1.0333333333333334,1.6833333333333331
Hungary,Wales,1,1,Group stage,1958,1,41.0,1504.135797,37.0,1516.946629,0.46875,2.71875,1.78125,0.125,0.625,1.25
Brazil,Austria,3,0,Group stage,1958,2,6.0,1765.856297,24.0,1597.404087,0.6666666666666666,2.0789473684210527,0.9473684210526316,0.4137931034482758,1.4827586206896552,1.6206896551724137
France,Paraguay,7,3,Group stage,1958,2,3.0,1869.428449,40.0,1505.349689,0.5342465753424658,1.8630136986301369,1.1643835616438356,0.2592592592592592,1.1111111111111112,1.4074074074074074
Germany,Hungary,3,2,Final,1954,2,10.0,1735.771984,41.0,1504.135797,0.6607142857142857,2.25,1.1964285714285714,0.46875,2.71875,1.78125
Austria,Uruguay,3,1,Third-place match,1954,2,24.0,1597.404087,16.0,1673.068603,0.4137931034482758,1.4827586206896552,1.6206896551724137,0.423728813559322,1.5084745762711864,1.2881355932203389
Hungary,Uruguay,4,2,Semi-finals,1954,2,41.0,1504.135797,16.0,1673.068603,0.46875,2.71875,1.78125,0.423728813559322,1.5084745762711864,1.2881355932203389
Germany,Austria,6,1,Semi-finals,1954,2,10.0,1735.771984,24.0,1597.404087,0.6607142857142857,2.25,1.1964285714285714,0.4137931034482758,1.4827586206896552,1.6206896551724137
Hungary,Brazil,4,2,Quarter-finals,1954,2,41.0,1504.135797,6.0,1765.856297,0.46875,2.71875,1.78125,0.6666666666666666,2.0789473684210527,0.9473684210526316
Uruguay,England,4,2,Quarter-finals,1954,2,16.0,1673.068603,4.0,1827.048678,0.423728813559322,1.5084745762711864,1.2881355932203389,0.4324324324324324,1.4054054054054057,0.918918918918919
Switzerland,Austria,5,7,Quarter-finals,1954,0,19.0,1650.064179,24.0,1597.404087,0.3414634146341463,1.3414634146341464,1.7804878048780488,0.4137931034482758,1.4827586206896552,1.6206896551724137
Germany,Türkiye,7,2,Group stage play-off,1954,2,10.0,1735.771984,22.0,1605.730921,0.6607142857142857,2.25,1.1964285714285714,0.5,2.0,1.7
Switzerland,Italy,4,1,Group stage play-off,1954,2,19.0,1650.064179,12.0,1704.733836,0.3414634146341463,1.3414634146341464,1.7804878048780488,0.5421686746987951,1.5421686746987953,0.927710843373494
Hungary,Germany,8,3,Group stage,1954,2,41.0,1504.135797,10.0,1735.771984,0.46875,2.71875,1.78125,0.6607142857142857,2.25,1.1964285714285714
Türkiye,Korea Republic,7,0,Group stage,1954,2,22.0,1605.730921,25.0,1591.630886,0.5,2.0,1.7,0.1842105263157894,1.0263157894736843,2.0526315789473686
Italy,Belgium,4,1,Group stage,1954,2,12.0,1704.733836,9.0,1742.235945,0.5421686746987951,1.5421686746987953,0.927710843373494,0.4117647058823529,1.3529411764705883,1.4509803921568627
Switzerland,England,0,2,Group stage,1954,0,19.0,1650.064179,4.0,1827.048678,0.3414634146341463,1.3414634146341464,1.7804878048780488,0.4324324324324324,1.4054054054054057,0.918918918918919
Uruguay,Scotland,7,0,Group stage,1954,2,16.0,1673.068603,42.0,1503.34027,0.423728813559322,1.5084745762711864,1.2881355932203389,0.1739130434782608,1.0869565217391304,1.7826086956521738
France,Mexico,3,2,Group stage,1954,2,3.0,1869.428449,14.0,1687.481759,0.5342465753424658,1.8630136986301369,1.1643835616438356,0.2833333333333333,1.0333333333333334,1.6833333333333331
Switzerland,Italy,2,1,Group stage,1954,2,19.0,1650.064179,12.0,1704.733836,0.3414634146341463,1.3414634146341464,1.7804878048780488,0.5421686746987951,1.5421686746987953,0.927710843373494
Hungary,Korea Republic,9,0,Group stage,1954,2,41.0,1504.135797,25.0,1591.630886,0.46875,2.71875,1.78125,0.1842105263157894,1.0263157894736843,2.0526315789473686
Germany,Türkiye,4,1,Group stage,1954,2,10.0,1735.771984,22.0,1605.730921,0.6607142857142857,2.25,1.1964285714285714,0.5,2.0,1.7
England,Belgium,4,4,Group stage,1954,1,4.0,1827.048678,9.0,1742.235945,0.4324324324324324,1.4054054054054057,0.918918918918919,0.4117647058823529,1.3529411764705883,1.4509803921568627
Brazil,Mexico,5,0,Group stage,1954,2,6.0,1765.856297,14.0,1687.481759,0.6666666666666666,2.0789473684210527,0.9473684210526316,0.2833333333333333,1.0333333333333334,1.6833333333333331
Austria,Scotland,1,0,Group stage,1954,2,24.0,1597.404087,42.0,1503.34027,0.4137931034482758,1.4827586206896552,1.6206896551724137,0.1739130434782608,1.0869565217391304,1.7826086956521738
Sweden,Spain,3,1,Final stage,1950,2,38.0,1509.785392,2.0,1873.013187,0.3725490196078431,1.568627450980392,1.431372549019608,0.4626865671641791,1.611940298507463,1.1194029850746268
Uruguay,Brazil,2,1,Final stage,1950,2,16.0,1673.068603,6.0,1765.856297,0.423728813559322,1.5084745762711864,1.2881355932203389,0.6666666666666666,2.0789473684210527,0.9473684210526316
Brazil,Spain,6,1,Final stage,1950,2,6.0,1765.856297,2.0,1873.013187,0.6666666666666666,2.0789473684210527,0.9473684210526316,0.4626865671641791,1.611940298507463,1.1194029850746268
Uruguay,Sweden,3,2,Final stage,1950,2,16.0,1673.068603,38.0,1509.785392,0.423728813559322,1.5084745762711864,1.2881355932203389,0.3725490196078431,1.568627450980392,1.431372549019608
Brazil,Sweden,7,1,Final stage,1950,2,6.0,1765.856297,38.0,1509.785392,0.6666666666666666,2.0789473684210527,0.9473684210526316,0.3725490196078431,1.568627450980392,1.431372549019608
Uruguay,Spain,2,2,Final stage,1950,1,16.0,1673.068603,2.0,1873.013187,0.423728813559322,1.5084745762711864,1.2881355932203389,0.4626865671641791,1.611940298507463,1.1194029850746268
Italy,Paraguay,2,0,Group stage,1950,2,12.0,1704.733836,40.0,1505.349689,0.5421686746987951,1.5421686746987953,0.927710843373494,0.2592592592592592,1.1111111111111112,1.4074074074074074
Uruguay,Bolivia,8,0,Group stage,1950,2,16.0,1673.068603,77.0,1325.995377,0.423728813559322,1.5084745762711864,1.2881355932203389,0.0,0.1666666666666666,3.333333333333333
Spain,England,1,0,Group stage,1950,2,2.0,1873.013187,4.0,1827.048678,0.4626865671641791,1.611940298507463,1.1194029850746268,0.4324324324324324,1.4054054054054057,0.918918918918919
Switzerland,Mexico,2,1,Group stage,1950,2,19.0,1650.064179,14.0,1687.481759,0.3414634146341463,1.3414634146341464,1.7804878048780488,0.2833333333333333,1.0333333333333334,1.6833333333333331
Spain,Chile,2,0,Group stage,1950,2,2.0,1873.013187,55.0,1452.939983,0.4626865671641791,1.611940298507463,1.1194029850746268,0.3333333333333333,1.2121212121212122,1.4848484848484849
Sweden,Paraguay,2,2,Group stage,1950,1,38.0,1509.785392,40.0,1505.349689,0.3725490196078431,1.568627450980392,1.431372549019608,0.2592592592592592,1.1111111111111112,1.4074074074074074
Brazil,Switzerland,2,2,Group stage,1950,1,6.0,1765.856297,19.0,1650.064179,0.6666666666666666,2.0789473684210527,0.9473684210526316,0.3414634146341463,1.3414634146341464,1.7804878048780488
Sweden,Italy,3,2,Group stage,1950,2,38.0,1509.785392,12.0,1704.733836,0.3725490196078431,1.568627450980392,1.431372549019608,0.5421686746987951,1.5421686746987953,0.927710843373494
England,Chile,2,0,Group stage,1950,2,4.0,1827.048678,55.0,1452.939983,0.4324324324324324,1.4054054054054057,0.918918918918919,0.3333333333333333,1.2121212121212122,1.4848484848484849
Brazil,Mexico,4,0,Group stage,1950,2,6.0,1765.856297,14.0,1687.481759,0.6666666666666666,2.0789473684210527,0.9473684210526316,0.2833333333333333,1.0333333333333334,1.6833333333333331
Brazil,Sweden,4,2,Third-place match,1938,2,6.0,1765.856297,38.0,1509.785392,0.6666666666666666,2.0789473684210527,0.9473684210526316,0.3725490196078431,1.568627450980392,1.431372549019608
Italy,Hungary,4,2,Final,1938,2,12.0,1704.733836,41.0,1504.135797,0.5421686746987951,1.5421686746987953,0.927710843373494,0.46875,2.71875,1.78125
Hungary,Sweden,5,1,Semi-finals,1938,2,41.0,1504.135797,38.0,1509.785392,0.46875,2.71875,1.78125,0.3725490196078431,1.568627450980392,1.431372549019608
Italy,Brazil,2,1,Semi-finals,1938,2,12.0,1704.733836,6.0,1765.856297,0.5421686746987951,1.5421686746987953,0.927710843373494,0.6666666666666666,2.0789473684210527,0.9473684210526316
Sweden,Cuba,8,0,Quarter-finals,1938,2,38.0,1509.785392,164.0,981.423455,0.3725490196078431,1.568627450980392,1.431372549019608,0.3333333333333333,1.6666666666666667,4.0
Hungary,Switzerland,2,0,Quarter-finals,1938,2,41.0,1504.135797,19.0,1650.064179,0.46875,2.71875,1.78125,0.3414634146341463,1.3414634146341464,1.7804878048780488
Italy,France,3,1,Quarter-finals,1938,2,12.0,1704.733836,3.0,1869.428449,0.5421686746987951,1.5421686746987953,0.927710843373494,0.5342465753424658,1.8630136986301369,1.1643835616438356
Switzerland,Germany,4,2,Round of 16,1938,2,19.0,1650.064179,10.0,1735.771984,0.3414634146341463,1.3414634146341464,1.7804878048780488,0.6607142857142857,2.25,1.1964285714285714
Cuba,Romania,2,1,Round of 16,1938,2,164.0,981.423455,53.0,1455.894657,0.3333333333333333,1.6666666666666667,4.0,0.3809523809523809,1.4285714285714286,1.5238095238095235
Italy,Norway,2,1,Round of 16,1938,2,12.0,1704.733836,31.0,1557.437664,0.5421686746987951,1.5421686746987953,0.927710843373494,0.25,0.875,1.0
Cuba,Romania,3,3,Round of 16,1938,1,164.0,981.423455,53.0,1455.894657,0.3333333333333333,1.6666666666666667,4.0,0.3809523809523809,1.4285714285714286,1.5238095238095235
France,Belgium,3,1,Round of 16,1938,2,3.0,1869.428449,9.0,1742.235945,0.5342465753424658,1.8630136986301369,1.1643835616438356,0.4117647058823529,1.3529411764705883,1.4509803921568627
Brazil,Poland,6,5,Round of 16,1938,2,6.0,1765.856297,36.0,1526.183359,0.6666666666666666,2.0789473684210527,0.9473684210526316,0.4473684210526316,1.2894736842105263,1.3157894736842106
Switzerland,Germany,1,1,Round of 16,1938,1,19.0,1650.064179,10.0,1735.771984,0.3414634146341463,1.3414634146341464,1.7804878048780488,0.6607142857142857,2.25,1.1964285714285714
Germany,Austria,3,2,Third-place match,1934,2,10.0,1735.771984,24.0,1597.404087,0.6607142857142857,2.25,1.1964285714285714,0.4137931034482758,1.4827586206896552,1.6206896551724137
Italy,Austria,1,0,Semi-finals,1934,2,12.0,1704.733836,24.0,1597.404087,0.5421686746987951,1.5421686746987953,0.927710843373494,0.4137931034482758,1.4827586206896552,1.6206896551724137
Italy,Spain,1,0,Quarter-finals,1934,2,12.0,1704.733836,2.0,1873.013187,0.5421686746987951,1.5421686746987953,0.927710843373494,0.4626865671641791,1.611940298507463,1.1194029850746268
Austria,Hungary,2,1,Quarter-finals,1934,2,24.0,1597.404087,41.0,1504.135797,0.4137931034482758,1.4827586206896552,1.6206896551724137,0.46875,2.71875,1.78125
Italy,Spain,1,1,Quarter-finals,1934,1,12.0,1704.733836,2.0,1873.013187,0.5421686746987951,1.5421686746987953,0.927710843373494,0.4626865671641791,1.611940298507463,1.1194029850746268
Germany,Sweden,2,1,Quarter-finals,1934,2,10.0,1735.771984,38.0,1509.785392,0.6607142857142857,2.25,1.1964285714285714,0.3725490196078431,1.568627450980392,1.431372549019608
Hungary,Egypt,4,2,Round of 16,1934,2,41.0,1504.135797,29.0,1562.367246,0.46875,2.71875,1.78125,0.0,0.7142857142857143,1.7142857142857142
Austria,France,3,2,Round of 16,1934,2,24.0,1597.404087,3.0,1869.428449,0.4137931034482758,1.4827586206896552,1.6206896551724137,0.5342465753424658,1.8630136986301369,1.1643835616438356
Switzerland,Netherlands,3,2,Round of 16,1934,2,19.0,1650.064179,8.0,1751.097835,0.3414634146341463,1.3414634146341464,1.7804878048780488,0.5454545454545454,1.7454545454545454,0.9454545454545454
Sweden,Argentina,3,2,Round of 16,1934,2,38.0,1509.785392,1.0,1876.118331,0.3725490196078431,1.568627450980392,1.431372549019608,0.5340909090909091,1.7272727272727273,1.1477272727272727
Spain,Brazil,3,1,Round of 16,1934,2,2.0,1873.013187,6.0,1765.856297,0.4626865671641791,1.611940298507463,1.1194029850746268,0.6666666666666666,2.0789473684210527,0.9473684210526316
Germany,Belgium,5,2,Round of 16,1934,2,10.0,1735.771984,9.0,1742.235945,0.6607142857142857,2.25,1.1964285714285714,0.4117647058823529,1.3529411764705883,1.4509803921568627
Uruguay,Argentina,4,2,Final,1930,2,16.0,1673.068603,1.0,1876.118331,0.423728813559322,1.5084745762711864,1.2881355932203389,0.5340909090909091,1.7272727272727273,1.1477272727272727
Argentina,Chile,3,1,Group stage,1930,2,1.0,1876.118331,55.0,1452.939983,0.5340909090909091,1.7272727272727273,1.1477272727272727,0.3333333333333333,1.2121212121212122,1.4848484848484849
Uruguay,Romania,4,0,Group stage,1930,2,16.0,1673.068603,53.0,1455.894657,0.423728813559322,1.5084745762711864,1.2881355932203389,0.3809523809523809,1.4285714285714286,1.5238095238095235
Brazil,Bolivia,4,0,Group stage,1930,2,6.0,1765.856297,77.0,1325.995377,0.6666666666666666,2.0789473684210527,0.9473684210526316,0.0,0.1666666666666666,3.333333333333333
Paraguay,Belgium,1,0,Group stage,1930,2,40.0,1505.349689,9.0,1742.235945,0.2592592592592592,1.1111111111111112,1.4074074074074074,0.4117647058823529,1.3529411764705883,1.4509803921568627
Chile,France,1,0,Group stage,1930,2,55.0,1452.939983,3.0,1869.428449,0.3333333333333333,1.2121212121212122,1.4848484848484849,0.5342465753424658,1.8630136986301369,1.1643835616438356
Argentina,Mexico,6,3,Group stage,1930,2,1.0,1876.118331,14.0,1687.481759,0.5340909090909091,1.7272727272727273,1.1477272727272727,0.2833333333333333,1.0333333333333334,1.6833333333333331
Uruguay,Peru,1,0,Group stage,1930,2,16.0,1673.068603,51.0,1459.390555,0.423728813559322,1.5084745762711864,1.2881355932203389,0.2777777777777778,1.1666666666666667,1.8333333333333333
Chile,Mexico,3,0,Group stage,1930,2,55.0,1452.939983,14.0,1687.481759,0.3333333333333333,1.2121212121212122,1.4848484848484849,0.2833333333333333,1.0333333333333334,1.6833333333333331
Argentina,France,1,0,Group stage,1930,2,1.0,1876.118331,3.0,1869.428449,0.5340909090909091,1.7272727272727273,1.1477272727272727,0.5342465753424658,1.8630136986301369,1.1643835616438356
Romania,Peru,3,1,Group stage,1930,2,53.0,1455.894657,51.0,1459.390555,0.3809523809523809,1.4285714285714286,1.5238095238095235,0.2777777777777778,1.1666666666666667,1.8333333333333333
France,Mexico,4,1,Group stage,1930,2,3.0,1869.428449,14.0,1687.481759,0.5342465753424658,1.8630136986301369,1.1643835616438356,0.2833333333333333,1.0333333333333334,1.6833333333333331
